[08/18/26 09:51:56] info     ================= cer started =================
[08/18/26 09:51:56] info     C:\Program Files\Autodesk\AutoCAD 2027\cer.dll, 7.2.4+20251128.8f05bb68.927
[08/18/26 09:51:56] info     Setting key SP/SDK_VERSION, value 7.2.4+20251128.8f05bb68.927 (maxCount 1)
[08/18/26 09:51:56] info     Setting key SP/PRODUCT_NAME_HASH, value 9d6767a77b9d2cce90e03082e1302957689eeac5 (maxCount 1)
[08/18/26 09:51:56] info     Setting key SP/RUNTIME_ARCH, value 1 (maxCount 1)
[08/18/26 09:51:56] info     Set senddmp exe path to C:\Program Files\Autodesk\AutoCAD 2027\CER\senddmp.exe
[08/18/26 09:51:56] info     The cer_service exe C:\Program Files\Autodesk\AutoCAD 2027\CER\service\cer_service.exe is not in folder C:\Program Files\Autodesk\AutoCAD 2027\CER\, it's not a sandbox
[08/18/26 09:51:56] info     Set upi exe path to C:\Program Files\Autodesk\AutoCAD 2027\CER\upi.exe
[08/18/26 09:51:56] info     launching C:\Program Files\Autodesk\AutoCAD 2027\CER\upi.exe --cmd=get-device-id C:\Users\arthurf\AppData\Local\Temp\upi_deviceid2
[08/18/26 09:51:56] info     Set deviceID2 to 8D15DB987E09D806DFFC844B34CAEC4C3EA6C462EDF3FC1A4D6FC3F7F4914EBE&C5B0FF825B96DA13FE75F782DE31D8A13A36E93A5EEE952B5C0A35B72ECA1FC2&6802C643B559C3D6148E6012C96FC77D04C43B17F1C77F9C057BAF1D38FD94B7
[08/18/26 09:51:56] info     Setting key SP/DEVICEID2, value 8D15DB987E09D806DFFC844B34CAEC4C3EA6C462EDF3FC1A4D6FC3F7F4914EBE&C5B0FF825B96DA13FE75F782DE31D8A13A36E93A5EEE952B5C0A35B72ECA1FC2&6802C643B559C3D6148E6012C96FC77D04C43B17F1C77F9C057BAF1D38FD94B7 (maxCount 1)
[08/18/26 09:51:56] info     Setting key SP/UUID, value 9d6767a77b9d2cce90e03082e1302957689eeac58D15DB987E09D806DFFC844B34CAEC4C3EA6C462EDF3FC1A4D6FC3F7F4914EBE&C5B0FF825B96DA13FE75F782DE31D8A13A36E93A5EEE952B5C0A35B72ECA1FC2&6802C643B559C3D6148E6012C96FC77D04C43B17F1C77F9C057BAF1D38FD94B7 (maxCount 1)
[08/18/26 09:51:56] info     Set senddmp exe path to C:\Program Files\Autodesk\AutoCAD 2027\CER\senddmp.exe
[08/18/26 09:51:56] info     The cer_service exe C:\Program Files\Autodesk\AutoCAD 2027\CER\service\cer_service.exe is not in folder C:\Program Files\Autodesk\AutoCAD 2027\CER\, it's not a sandbox
[08/18/26 09:51:56] info     launching C:\Program Files\Autodesk\AutoCAD 2027\CER\upi.exe "C:\Program Files\Autodesk\AutoCAD 2027\C3D\en-US\UPI\upiconfig.xml" C:\Users\arthurf\AppData\Local\Temp\upi_info.xml
[08/18/26 09:51:56] info     Setting key SP/UPI_PRODUCT, value CIV3D (maxCount 1)
[08/18/26 09:51:56] info     Setting key SP/UPI_RELEASE, value 2027 (maxCount 1)
[08/18/26 09:51:56] info     Setting key SP/UPI_MASTER, value {28B89EEF-A100-0409-2102-CF3F3A09B77D} (maxCount 1)
[08/18/26 09:51:56] info     Setting key SP/UPI_BUILD, value 13.9.628.0 (maxCount 1)
[08/18/26 09:51:56] info     Setting key SP/UPI_FULL_XML, value <?xml version="1.0"?><upipackage><upivalue version="1.0" type="product" requestingapp="true"><level name="productline" id="CIV3D"><level name="release" id="2027"><level name="master" id="{28B89EEF-A100-0409-2102-CF3F3A09B77D}"><level name="build" id="13.9.628.0"/></level></level></level></upivalue>
<upivalue version="1" type="product"><level name="productline" instancename="Autodesk Design Review" id="ADR"><level name="release" instancename="Autodesk Design Review 2017" id="2017"><level name="master" instancename="32-bit English Unlocked" id="{2A80BA4A-F4B9-44DA-B53E-85909B79A481}"><level name="build" instancename="P145" id="14.0.0.177"/></level></level></level></upivalue>
<upivalue version="1.0" type="product"><level name="productline" id="PLC0000037"><level name="release" id="2025"><level name="master" id="{28B89EEF-8128-0409-0100-CF3F3A09B77D}"><level name="build" id="25.0.154.0.0"/></level></level></level></upivalue>
<upivalue version="1.0" type="product"><level name="productline" id="ARCHDESK"><level name="release" id="2026"><level name="master" id="{28B89EEE-9104-0000-5102-CF3F3A09B77D}"><level name="build" id="8.8.58.0"/></level></level></level></upivalue>
<upivalue version="1.0" type="product"><level name="productline" id="ACD"><level name="release" id="2026"><level name="master" id="{28B89EEF-9101-0409-2102-CF3F3A09B77D}"><level name="build" id="25.1.164.0.0"/></level></level></level></upivalue>
<upivalue version="1.0" type="product"><level name="productline" id="ARCHDESK"><level name="release" id="2027"><level name="master" id="{28B89EEF-A104-0409-4102-CF3F3A09B77D}"><level name="build" id="8.9.51.0"/></level></level></level></upivalue>
<upivalue version="1.0" type="product"><level name="productline" id="ARCHDESK"><level name="release" id="2027"><level name="master" id="{28B89EEF-A104-0000-4102-CF3F3A09B77D}"><level name="build" id="8.9.51.0"/></level></level></level></upivalue>
<upivalue version="1.0" type="product"><level name="productline" id="ACD"><level name="release" id="2027"><level name="master" id="{28B89EEF-A101-0000-0102-CF3F3A09B77D}"><level name="build" id="26.0.60.0.0"/></level></level></level></upivalue>
<upivalue version="1.0" type="product"><level name="productline" id="ACD"><level name="release" id="2027"><level name="master" id="{28B89EEF-A101-0409-1102-CF3F3A09B77D}"><level name="build" id="26.0.60.0.0"/></level></level></level></upivalue>
<upivalue version="1.0" type="product"><level name="productline" id="ARCHDESK"><level name="release" id="2027"><level name="master" id="{28B89EEE-A104-0000-5102-CF3F3A09B77D}"><level name="build" id="8.9.51.0"/></level></level></level></upivalue>
<upivalue version="1.0" type="product"><level name="productline" id="VEHTRK"><level name="release" id="2027"><level name="master" id="{1F998EA5-D0D7-4D77-AF61-65828DBEE474}"><level name="build" id="27.0.0.2932"/></level></level></level></upivalue>
</upipackage> (maxCount 1)
[08/18/26 09:51:56] info     set legacy options: /APPXML "<AppInformation name=\"Autodesk Civil 3D 2027\" version=\"13.9.628.0\" />"
[08/18/26 09:51:56] info     Setting key RP/AppXML, value <AppInformation name="Autodesk Civil 3D 2027" version="13.9.628.0" /> (maxCount 100)
[08/18/26 09:51:56] info     Setting key RP/CadSettingsRegPath, value Software\Autodesk\AutoCAD\R26.0\ACAD-A100:409\CadManagerControl\CustomerErrorReport (maxCount 1)
[08/18/26 09:51:56] info     Setting key RP/AppLocaleId, value 1033 (maxCount 1)
[08/18/26 09:51:56] info     Setting key RP/AppXML, value <ProductInformation name ="AutoCAD" build_version="X.60.0.0(x64)" registry_version="26.0" install_id_string="ACAD-A100:409" registry_localeID="1033" git_commit_id="90c984aa66a571142ee0757584bac517eec2175a" /> (maxCount 100)
[08/18/26 09:51:56] info     Setting key SP/THEME_TYPE, value Blue (maxCount 1)
[08/18/26 09:51:56] info     Setting key SP/EXCEPTION_INFO_POINTER, value 140729286165784 (maxCount 1)
[08/18/26 09:51:56] info     Setting key SP/THREAD_ID, value 4294967295 (maxCount 1)
[08/18/26 09:51:56] info     Get key SP/THREAD_ID, index 0: "4294967295"
[08/18/26 09:51:56] info     Setting key SP/WER, value 0 (maxCount 1)
[08/18/26 09:51:56] info     Get key SP/WER, index 0: "0"
[08/18/26 09:51:56] info     Registered C:\Program Files\Autodesk\AutoCAD 2027\cer.dll as WER runtime exception module
[08/18/26 09:51:56] info     Current ErrorMode is 32769
[08/18/26 09:51:56] debug    Receiver ping: pong
[08/18/26 09:52:23] info     ================= cer started =================
[08/18/26 09:52:23] info     C:\Program Files\Autodesk\AutoCAD 2027\cer.dll, 7.2.4+20251128.8f05bb68.927
[08/18/26 09:52:23] info     Setting key SP/SDK_VERSION, value 7.2.4+20251128.8f05bb68.927 (maxCount 1)
[08/18/26 09:52:23] info     Setting key SP/PRODUCT_NAME_HASH, value 9d6767a77b9d2cce90e03082e1302957689eeac5 (maxCount 1)
[08/18/26 09:52:23] info     Setting key SP/RUNTIME_ARCH, value 1 (maxCount 1)
[08/18/26 09:52:23] info     Set senddmp exe path to C:\Program Files\Autodesk\AutoCAD 2027\CER\senddmp.exe
[08/18/26 09:52:23] info     The cer_service exe C:\Program Files\Autodesk\AutoCAD 2027\CER\service\cer_service.exe is not in folder C:\Program Files\Autodesk\AutoCAD 2027\CER\, it's not a sandbox
[08/18/26 09:52:23] info     Set upi exe path to C:\Program Files\Autodesk\AutoCAD 2027\CER\upi.exe
[08/18/26 09:52:23] info     launching C:\Program Files\Autodesk\AutoCAD 2027\CER\upi.exe --cmd=get-device-id C:\Users\arthurf\AppData\Local\Temp\upi_deviceid2
[08/18/26 09:52:23] info     Set deviceID2 to 8D15DB987E09D806DFFC844B34CAEC4C3EA6C462EDF3FC1A4D6FC3F7F4914EBE&C5B0FF825B96DA13FE75F782DE31D8A13A36E93A5EEE952B5C0A35B72ECA1FC2&6802C643B559C3D6148E6012C96FC77D04C43B17F1C77F9C057BAF1D38FD94B7
[08/18/26 09:52:23] info     Setting key SP/DEVICEID2, value 8D15DB987E09D806DFFC844B34CAEC4C3EA6C462EDF3FC1A4D6FC3F7F4914EBE&C5B0FF825B96DA13FE75F782DE31D8A13A36E93A5EEE952B5C0A35B72ECA1FC2&6802C643B559C3D6148E6012C96FC77D04C43B17F1C77F9C057BAF1D38FD94B7 (maxCount 1)
[08/18/26 09:52:23] info     Setting key SP/UUID, value 9d6767a77b9d2cce90e03082e1302957689eeac58D15DB987E09D806DFFC844B34CAEC4C3EA6C462EDF3FC1A4D6FC3F7F4914EBE&C5B0FF825B96DA13FE75F782DE31D8A13A36E93A5EEE952B5C0A35B72ECA1FC2&6802C643B559C3D6148E6012C96FC77D04C43B17F1C77F9C057BAF1D38FD94B7 (maxCount 1)
[08/18/26 09:52:23] info     Set senddmp exe path to C:\Program Files\Autodesk\AutoCAD 2027\CER\senddmp.exe
[08/18/26 09:52:23] info     The cer_service exe C:\Program Files\Autodesk\AutoCAD 2027\CER\service\cer_service.exe is not in folder C:\Program Files\Autodesk\AutoCAD 2027\CER\, it's not a sandbox
[08/18/26 09:52:23] info     launching C:\Program Files\Autodesk\AutoCAD 2027\CER\upi.exe "C:\Program Files\Autodesk\AutoCAD 2027\C3D\en-US\UPI\upiconfig.xml" C:\Users\arthurf\AppData\Local\Temp\upi_info.xml
[08/18/26 09:52:23] info     Setting key SP/UPI_PRODUCT, value CIV3D (maxCount 1)
[08/18/26 09:52:23] info     Setting key SP/UPI_RELEASE, value 2027 (maxCount 1)
[08/18/26 09:52:23] info     Setting key SP/UPI_MASTER, value {28B89EEF-A100-0409-2102-CF3F3A09B77D} (maxCount 1)
[08/18/26 09:52:23] info     Setting key SP/UPI_BUILD, value 13.9.628.0 (maxCount 1)
[08/18/26 09:52:23] info     Setting key SP/UPI_FULL_XML, value <?xml version="1.0"?><upipackage><upivalue version="1.0" type="product" requestingapp="true"><level name="productline" id="CIV3D"><level name="release" id="2027"><level name="master" id="{28B89EEF-A100-0409-2102-CF3F3A09B77D}"><level name="build" id="13.9.628.0"/></level></level></level></upivalue>
<upivalue version="1" type="product"><level name="productline" instancename="Autodesk Design Review" id="ADR"><level name="release" instancename="Autodesk Design Review 2017" id="2017"><level name="master" instancename="32-bit English Unlocked" id="{2A80BA4A-F4B9-44DA-B53E-85909B79A481}"><level name="build" instancename="P145" id="14.0.0.177"/></level></level></level></upivalue>
<upivalue version="1.0" type="product"><level name="productline" id="PLC0000037"><level name="release" id="2025"><level name="master" id="{28B89EEF-8128-0409-0100-CF3F3A09B77D}"><level name="build" id="25.0.154.0.0"/></level></level></level></upivalue>
<upivalue version="1.0" type="product"><level name="productline" id="ARCHDESK"><level name="release" id="2026"><level name="master" id="{28B89EEE-9104-0000-5102-CF3F3A09B77D}"><level name="build" id="8.8.58.0"/></level></level></level></upivalue>
<upivalue version="1.0" type="product"><level name="productline" id="ACD"><level name="release" id="2026"><level name="master" id="{28B89EEF-9101-0409-2102-CF3F3A09B77D}"><level name="build" id="25.1.164.0.0"/></level></level></level></upivalue>
<upivalue version="1.0" type="product"><level name="productline" id="ARCHDESK"><level name="release" id="2027"><level name="master" id="{28B89EEF-A104-0409-4102-CF3F3A09B77D}"><level name="build" id="8.9.51.0"/></level></level></level></upivalue>
<upivalue version="1.0" type="product"><level name="productline" id="ARCHDESK"><level name="release" id="2027"><level name="master" id="{28B89EEF-A104-0000-4102-CF3F3A09B77D}"><level name="build" id="8.9.51.0"/></level></level></level></upivalue>
<upivalue version="1.0" type="product"><level name="productline" id="ACD"><level name="release" id="2027"><level name="master" id="{28B89EEF-A101-0000-0102-CF3F3A09B77D}"><level name="build" id="26.0.60.0.0"/></level></level></level></upivalue>
<upivalue version="1.0" type="product"><level name="productline" id="ACD"><level name="release" id="2027"><level name="master" id="{28B89EEF-A101-0409-1102-CF3F3A09B77D}"><level name="build" id="26.0.60.0.0"/></level></level></level></upivalue>
<upivalue version="1.0" type="product"><level name="productline" id="ARCHDESK"><level name="release" id="2027"><level name="master" id="{28B89EEE-A104-0000-5102-CF3F3A09B77D}"><level name="build" id="8.9.51.0"/></level></level></level></upivalue>
<upivalue version="1.0" type="product"><level name="productline" id="VEHTRK"><level name="release" id="2027"><level name="master" id="{1F998EA5-D0D7-4D77-AF61-65828DBEE474}"><level name="build" id="27.0.0.2932"/></level></level></level></upivalue>
</upipackage> (maxCount 1)
[08/18/26 09:52:23] info     set legacy options: /APPXML "<AppInformation name=\"Autodesk Civil 3D 2027\" version=\"13.9.628.0\" />"
[08/18/26 09:52:23] info     Setting key RP/AppXML, value <AppInformation name="Autodesk Civil 3D 2027" version="13.9.628.0" /> (maxCount 100)
[08/18/26 09:52:23] info     Setting key RP/CadSettingsRegPath, value Software\Autodesk\AutoCAD\R26.0\ACAD-A100:409\CadManagerControl\CustomerErrorReport (maxCount 1)
[08/18/26 09:52:23] info     Setting key RP/AppLocaleId, value 1033 (maxCount 1)
[08/18/26 09:52:23] info     Setting key RP/AppXML, value <ProductInformation name ="AutoCAD" build_version="X.60.0.0(x64)" registry_version="26.0" install_id_string="ACAD-A100:409" registry_localeID="1033" git_commit_id="90c984aa66a571142ee0757584bac517eec2175a" /> (maxCount 100)
[08/18/26 09:52:23] info     Setting key SP/THEME_TYPE, value Blue (maxCount 1)
[08/18/26 09:52:23] info     Setting key SP/EXCEPTION_INFO_POINTER, value 140729360876824 (maxCount 1)
[08/18/26 09:52:23] info     Setting key SP/THREAD_ID, value 4294967295 (maxCount 1)
[08/18/26 09:52:23] info     Get key SP/THREAD_ID, index 0: "4294967295"
[08/18/26 09:52:23] info     Setting key SP/WER, value 0 (maxCount 1)
[08/18/26 09:52:23] info     Get key SP/WER, index 0: "0"
[08/18/26 09:52:23] info     Registered C:\Program Files\Autodesk\AutoCAD 2027\cer.dll as WER runtime exception module
[08/18/26 09:52:23] info     Current ErrorMode is 32771
[08/18/26 09:52:23] debug    Receiver ping: pong
[08/18/26 09:53:16] info     ================= cer started =================
[08/18/26 09:53:16] info     C:\Program Files\Autodesk\AutoCAD 2027\cer.dll, 7.2.4+20251128.8f05bb68.927
[08/18/26 09:53:16] info     Setting key SP/SDK_VERSION, value 7.2.4+20251128.8f05bb68.927 (maxCount 1)
[08/18/26 09:53:16] info     Setting key SP/PRODUCT_NAME_HASH, value 9d6767a77b9d2cce90e03082e1302957689eeac5 (maxCount 1)
[08/18/26 09:53:16] info     Setting key SP/RUNTIME_ARCH, value 1 (maxCount 1)
[08/18/26 09:53:16] info     Set senddmp exe path to C:\Program Files\Autodesk\AutoCAD 2027\CER\senddmp.exe
[08/18/26 09:53:16] info     The cer_service exe C:\Program Files\Autodesk\AutoCAD 2027\CER\service\cer_service.exe is not in folder C:\Program Files\Autodesk\AutoCAD 2027\CER\, it's not a sandbox
[08/18/26 09:53:16] info     Set upi exe path to C:\Program Files\Autodesk\AutoCAD 2027\CER\upi.exe
[08/18/26 09:53:16] info     launching C:\Program Files\Autodesk\AutoCAD 2027\CER\upi.exe --cmd=get-device-id C:\Users\arthurf\AppData\Local\Temp\upi_deviceid2
[08/18/26 09:53:16] info     Set deviceID2 to 8D15DB987E09D806DFFC844B34CAEC4C3EA6C462EDF3FC1A4D6FC3F7F4914EBE&C5B0FF825B96DA13FE75F782DE31D8A13A36E93A5EEE952B5C0A35B72ECA1FC2&6802C643B559C3D6148E6012C96FC77D04C43B17F1C77F9C057BAF1D38FD94B7
[08/18/26 09:53:16] info     Setting key SP/DEVICEID2, value 8D15DB987E09D806DFFC844B34CAEC4C3EA6C462EDF3FC1A4D6FC3F7F4914EBE&C5B0FF825B96DA13FE75F782DE31D8A13A36E93A5EEE952B5C0A35B72ECA1FC2&6802C643B559C3D6148E6012C96FC77D04C43B17F1C77F9C057BAF1D38FD94B7 (maxCount 1)
[08/18/26 09:53:16] info     Setting key SP/UUID, value 9d6767a77b9d2cce90e03082e1302957689eeac58D15DB987E09D806DFFC844B34CAEC4C3EA6C462EDF3FC1A4D6FC3F7F4914EBE&C5B0FF825B96DA13FE75F782DE31D8A13A36E93A5EEE952B5C0A35B72ECA1FC2&6802C643B559C3D6148E6012C96FC77D04C43B17F1C77F9C057BAF1D38FD94B7 (maxCount 1)
[08/18/26 09:53:16] info     Set senddmp exe path to C:\Program Files\Autodesk\AutoCAD 2027\CER\senddmp.exe
[08/18/26 09:53:16] info     The cer_service exe C:\Program Files\Autodesk\AutoCAD 2027\CER\service\cer_service.exe is not in folder C:\Program Files\Autodesk\AutoCAD 2027\CER\, it's not a sandbox
[08/18/26 09:53:16] info     launching C:\Program Files\Autodesk\AutoCAD 2027\CER\upi.exe "C:\Program Files\Autodesk\AutoCAD 2027\C3D\en-US\UPI\upiconfig.xml" C:\Users\arthurf\AppData\Local\Temp\upi_info.xml
[08/18/26 09:53:16] info     Setting key SP/UPI_PRODUCT, value CIV3D (maxCount 1)
[08/18/26 09:53:16] info     Setting key SP/UPI_RELEASE, value 2027 (maxCount 1)
[08/18/26 09:53:16] info     Setting key SP/UPI_MASTER, value {28B89EEF-A100-0409-2102-CF3F3A09B77D} (maxCount 1)
[08/18/26 09:53:16] info     Setting key SP/UPI_BUILD, value 13.9.628.0 (maxCount 1)
[08/18/26 09:53:16] info     Setting key SP/UPI_FULL_XML, value <?xml version="1.0"?><upipackage><upivalue version="1.0" type="product" requestingapp="true"><level name="productline" id="CIV3D"><level name="release" id="2027"><level name="master" id="{28B89EEF-A100-0409-2102-CF3F3A09B77D}"><level name="build" id="13.9.628.0"/></level></level></level></upivalue>
<upivalue version="1" type="product"><level name="productline" instancename="Autodesk Design Review" id="ADR"><level name="release" instancename="Autodesk Design Review 2017" id="2017"><level name="master" instancename="32-bit English Unlocked" id="{2A80BA4A-F4B9-44DA-B53E-85909B79A481}"><level name="build" instancename="P145" id="14.0.0.177"/></level></level></level></upivalue>
<upivalue version="1.0" type="product"><level name="productline" id="PLC0000037"><level name="release" id="2025"><level name="master" id="{28B89EEF-8128-0409-0100-CF3F3A09B77D}"><level name="build" id="25.0.154.0.0"/></level></level></level></upivalue>
<upivalue version="1.0" type="product"><level name="productline" id="ARCHDESK"><level name="release" id="2026"><level name="master" id="{28B89EEE-9104-0000-5102-CF3F3A09B77D}"><level name="build" id="8.8.58.0"/></level></level></level></upivalue>
<upivalue version="1.0" type="product"><level name="productline" id="ACD"><level name="release" id="2026"><level name="master" id="{28B89EEF-9101-0409-2102-CF3F3A09B77D}"><level name="build" id="25.1.164.0.0"/></level></level></level></upivalue>
<upivalue version="1.0" type="product"><level name="productline" id="ARCHDESK"><level name="release" id="2027"><level name="master" id="{28B89EEF-A104-0409-4102-CF3F3A09B77D}"><level name="build" id="8.9.51.0"/></level></level></level></upivalue>
<upivalue version="1.0" type="product"><level name="productline" id="ARCHDESK"><level name="release" id="2027"><level name="master" id="{28B89EEF-A104-0000-4102-CF3F3A09B77D}"><level name="build" id="8.9.51.0"/></level></level></level></upivalue>
<upivalue version="1.0" type="product"><level name="productline" id="ACD"><level name="release" id="2027"><level name="master" id="{28B89EEF-A101-0000-0102-CF3F3A09B77D}"><level name="build" id="26.0.60.0.0"/></level></level></level></upivalue>
<upivalue version="1.0" type="product"><level name="productline" id="ACD"><level name="release" id="2027"><level name="master" id="{28B89EEF-A101-0409-1102-CF3F3A09B77D}"><level name="build" id="26.0.60.0.0"/></level></level></level></upivalue>
<upivalue version="1.0" type="product"><level name="productline" id="ARCHDESK"><level name="release" id="2027"><level name="master" id="{28B89EEE-A104-0000-5102-CF3F3A09B77D}"><level name="build" id="8.9.51.0"/></level></level></level></upivalue>
<upivalue version="1.0" type="product"><level name="productline" id="VEHTRK"><level name="release" id="2027"><level name="master" id="{1F998EA5-D0D7-4D77-AF61-65828DBEE474}"><level name="build" id="27.0.0.2932"/></level></level></level></upivalue>
</upipackage> (maxCount 1)
[08/18/26 09:53:16] info     set legacy options: /APPXML "<AppInformation name=\"Autodesk Civil 3D 2027\" version=\"13.9.628.0\" />"
[08/18/26 09:53:16] info     Setting key RP/AppXML, value <AppInformation name="Autodesk Civil 3D 2027" version="13.9.628.0" /> (maxCount 100)
[08/18/26 09:53:16] info     Setting key RP/CadSettingsRegPath, value Software\Autodesk\AutoCAD\R26.0\ACAD-A100:409\CadManagerControl\CustomerErrorReport (maxCount 1)
[08/18/26 09:53:16] info     Setting key RP/AppLocaleId, value 1033 (maxCount 1)
[08/18/26 09:53:16] info     Setting key RP/AppXML, value <ProductInformation name ="AutoCAD" build_version="X.60.0.0(x64)" registry_version="26.0" install_id_string="ACAD-A100:409" registry_localeID="1033" git_commit_id="90c984aa66a571142ee0757584bac517eec2175a" /> (maxCount 100)
[08/18/26 09:53:16] info     Setting key SP/THEME_TYPE, value Blue (maxCount 1)
[08/18/26 09:53:16] info     Setting key SP/EXCEPTION_INFO_POINTER, value 140729335514392 (maxCount 1)
[08/18/26 09:53:16] info     Setting key SP/THREAD_ID, value 4294967295 (maxCount 1)
[08/18/26 09:53:16] info     Get key SP/THREAD_ID, index 0: "4294967295"
[08/18/26 09:53:16] info     Setting key SP/WER, value 0 (maxCount 1)
[08/18/26 09:53:16] info     Get key SP/WER, index 0: "0"
[08/18/26 09:53:16] info     Registered C:\Program Files\Autodesk\AutoCAD 2027\cer.dll as WER runtime exception module
[08/18/26 09:53:16] info     Current ErrorMode is 32771
[08/18/26 09:53:16] debug    Receiver ping: pong
[08/18/26 09:53:19] info     ================= cer started =================
[08/18/26 09:53:19] info     C:\Program Files\Autodesk\AutoCAD 2027\cer.dll, 7.2.4+20251128.8f05bb68.927
[08/18/26 09:53:19] info     Setting key SP/SDK_VERSION, value 7.2.4+20251128.8f05bb68.927 (maxCount 1)
[08/18/26 09:53:19] info     Setting key SP/PRODUCT_NAME_HASH, value 9d6767a77b9d2cce90e03082e1302957689eeac5 (maxCount 1)
[08/18/26 09:53:19] info     Setting key SP/RUNTIME_ARCH, value 1 (maxCount 1)
[08/18/26 09:53:19] info     Set senddmp exe path to C:\Program Files\Autodesk\AutoCAD 2027\CER\senddmp.exe
[08/18/26 09:53:19] info     The cer_service exe C:\Program Files\Autodesk\AutoCAD 2027\CER\service\cer_service.exe is not in folder C:\Program Files\Autodesk\AutoCAD 2027\CER\, it's not a sandbox
[08/18/26 09:53:19] info     Set upi exe path to C:\Program Files\Autodesk\AutoCAD 2027\CER\upi.exe
[08/18/26 09:53:19] info     launching C:\Program Files\Autodesk\AutoCAD 2027\CER\upi.exe --cmd=get-device-id C:\Users\arthurf\AppData\Local\Temp\upi_deviceid2
[08/18/26 09:53:19] info     Set deviceID2 to 8D15DB987E09D806DFFC844B34CAEC4C3EA6C462EDF3FC1A4D6FC3F7F4914EBE&C5B0FF825B96DA13FE75F782DE31D8A13A36E93A5EEE952B5C0A35B72ECA1FC2&6802C643B559C3D6148E6012C96FC77D04C43B17F1C77F9C057BAF1D38FD94B7
[08/18/26 09:53:19] info     Setting key SP/DEVICEID2, value 8D15DB987E09D806DFFC844B34CAEC4C3EA6C462EDF3FC1A4D6FC3F7F4914EBE&C5B0FF825B96DA13FE75F782DE31D8A13A36E93A5EEE952B5C0A35B72ECA1FC2&6802C643B559C3D6148E6012C96FC77D04C43B17F1C77F9C057BAF1D38FD94B7 (maxCount 1)
[08/18/26 09:53:19] info     Setting key SP/UUID, value 9d6767a77b9d2cce90e03082e1302957689eeac58D15DB987E09D806DFFC844B34CAEC4C3EA6C462EDF3FC1A4D6FC3F7F4914EBE&C5B0FF825B96DA13FE75F782DE31D8A13A36E93A5EEE952B5C0A35B72ECA1FC2&6802C643B559C3D6148E6012C96FC77D04C43B17F1C77F9C057BAF1D38FD94B7 (maxCount 1)
[08/18/26 09:53:19] info     Set senddmp exe path to C:\Program Files\Autodesk\AutoCAD 2027\CER\senddmp.exe
[08/18/26 09:53:19] info     The cer_service exe C:\Program Files\Autodesk\AutoCAD 2027\CER\service\cer_service.exe is not in folder C:\Program Files\Autodesk\AutoCAD 2027\CER\, it's not a sandbox
[08/18/26 09:53:19] info     launching C:\Program Files\Autodesk\AutoCAD 2027\CER\upi.exe "C:\Program Files\Autodesk\AutoCAD 2027\C3D\en-US\UPI\upiconfig.xml" C:\Users\arthurf\AppData\Local\Temp\upi_info.xml
[08/18/26 09:53:19] info     Setting key SP/UPI_PRODUCT, value CIV3D (maxCount 1)
[08/18/26 09:53:19] info     Setting key SP/UPI_RELEASE, value 2027 (maxCount 1)
[08/18/26 09:53:19] info     Setting key SP/UPI_MASTER, value {28B89EEF-A100-0409-2102-CF3F3A09B77D} (maxCount 1)
[08/18/26 09:53:19] info     Setting key SP/UPI_BUILD, value 13.9.628.0 (maxCount 1)
[08/18/26 09:53:19] info     Setting key SP/UPI_FULL_XML, value <?xml version="1.0"?><upipackage><upivalue version="1.0" type="product" requestingapp="true"><level name="productline" id="CIV3D"><level name="release" id="2027"><level name="master" id="{28B89EEF-A100-0409-2102-CF3F3A09B77D}"><level name="build" id="13.9.628.0"/></level></level></level></upivalue>
<upivalue version="1" type="product"><level name="productline" instancename="Autodesk Design Review" id="ADR"><level name="release" instancename="Autodesk Design Review 2017" id="2017"><level name="master" instancename="32-bit English Unlocked" id="{2A80BA4A-F4B9-44DA-B53E-85909B79A481}"><level name="build" instancename="P145" id="14.0.0.177"/></level></level></level></upivalue>
<upivalue version="1.0" type="product"><level name="productline" id="PLC0000037"><level name="release" id="2025"><level name="master" id="{28B89EEF-8128-0409-0100-CF3F3A09B77D}"><level name="build" id="25.0.154.0.0"/></level></level></level></upivalue>
<upivalue version="1.0" type="product"><level name="productline" id="ARCHDESK"><level name="release" id="2026"><level name="master" id="{28B89EEE-9104-0000-5102-CF3F3A09B77D}"><level name="build" id="8.8.58.0"/></level></level></level></upivalue>
<upivalue version="1.0" type="product"><level name="productline" id="ACD"><level name="release" id="2026"><level name="master" id="{28B89EEF-9101-0409-2102-CF3F3A09B77D}"><level name="build" id="25.1.164.0.0"/></level></level></level></upivalue>
<upivalue version="1.0" type="product"><level name="productline" id="ARCHDESK"><level name="release" id="2027"><level name="master" id="{28B89EEF-A104-0409-4102-CF3F3A09B77D}"><level name="build" id="8.9.51.0"/></level></level></level></upivalue>
<upivalue version="1.0" type="product"><level name="productline" id="ARCHDESK"><level name="release" id="2027"><level name="master" id="{28B89EEF-A104-0000-4102-CF3F3A09B77D}"><level name="build" id="8.9.51.0"/></level></level></level></upivalue>
<upivalue version="1.0" type="product"><level name="productline" id="ACD"><level name="release" id="2027"><level name="master" id="{28B89EEF-A101-0000-0102-CF3F3A09B77D}"><level name="build" id="26.0.60.0.0"/></level></level></level></upivalue>
<upivalue version="1.0" type="product"><level name="productline" id="ACD"><level name="release" id="2027"><level name="master" id="{28B89EEF-A101-0409-1102-CF3F3A09B77D}"><level name="build" id="26.0.60.0.0"/></level></level></level></upivalue>
<upivalue version="1.0" type="product"><level name="productline" id="ARCHDESK"><level name="release" id="2027"><level name="master" id="{28B89EEE-A104-0000-5102-CF3F3A09B77D}"><level name="build" id="8.9.51.0"/></level></level></level></upivalue>
<upivalue version="1.0" type="product"><level name="productline" id="VEHTRK"><level name="release" id="2027"><level name="master" id="{1F998EA5-D0D7-4D77-AF61-65828DBEE474}"><level name="build" id="27.0.0.2932"/></level></level></level></upivalue>
</upipackage> (maxCount 1)
[08/18/26 09:53:19] info     set legacy options: /APPXML "<AppInformation name=\"Autodesk Civil 3D 2027\" version=\"13.9.628.0\" />"
[08/18/26 09:53:19] info     Setting key RP/AppXML, value <AppInformation name="Autodesk Civil 3D 2027" version="13.9.628.0" /> (maxCount 100)
[08/18/26 09:53:19] info     Setting key RP/CadSettingsRegPath, value Software\Autodesk\AutoCAD\R26.0\ACAD-A100:409\CadManagerControl\CustomerErrorReport (maxCount 1)
[08/18/26 09:53:19] info     Setting key RP/AppLocaleId, value 1033 (maxCount 1)
[08/18/26 09:53:19] info     Setting key RP/AppXML, value <ProductInformation name ="AutoCAD" build_version="X.60.0.0(x64)" registry_version="26.0" install_id_string="ACAD-A100:409" registry_localeID="1033" git_commit_id="90c984aa66a571142ee0757584bac517eec2175a" /> (maxCount 100)
[08/18/26 09:53:19] info     Setting key SP/THEME_TYPE, value Blue (maxCount 1)
[08/18/26 09:53:19] info     Setting key SP/EXCEPTION_INFO_POINTER, value 140729335514392 (maxCount 1)
[08/18/26 09:53:19] info     Setting key SP/THREAD_ID, value 4294967295 (maxCount 1)
[08/18/26 09:53:19] info     Get key SP/THREAD_ID, index 0: "4294967295"
[08/18/26 09:53:19] info     Setting key SP/WER, value 0 (maxCount 1)
[08/18/26 09:53:19] info     Get key SP/WER, index 0: "0"
[08/18/26 09:53:19] info     Registered C:\Program Files\Autodesk\AutoCAD 2027\cer.dll as WER runtime exception module
[08/18/26 09:53:19] info     Current ErrorMode is 32769
[08/18/26 09:53:19] debug    Receiver ping: pong
[08/18/26 09:53:41] info     ================= cer started =================
[08/18/26 09:53:41] info     C:\Program Files\Autodesk\AutoCAD 2027\cer.dll, 7.2.4+20251128.8f05bb68.927
[08/18/26 09:53:41] info     Setting key SP/SDK_VERSION, value 7.2.4+20251128.8f05bb68.927 (maxCount 1)
[08/18/26 09:53:41] info     Setting key SP/PRODUCT_NAME_HASH, value 9d6767a77b9d2cce90e03082e1302957689eeac5 (maxCount 1)
[08/18/26 09:53:41] info     Setting key SP/RUNTIME_ARCH, value 1 (maxCount 1)
[08/18/26 09:53:41] info     Set senddmp exe path to C:\Program Files\Autodesk\AutoCAD 2027\CER\senddmp.exe
[08/18/26 09:53:41] info     The cer_service exe C:\Program Files\Autodesk\AutoCAD 2027\CER\service\cer_service.exe is not in folder C:\Program Files\Autodesk\AutoCAD 2027\CER\, it's not a sandbox
[08/18/26 09:53:41] info     Set upi exe path to C:\Program Files\Autodesk\AutoCAD 2027\CER\upi.exe
[08/18/26 09:53:41] info     launching C:\Program Files\Autodesk\AutoCAD 2027\CER\upi.exe --cmd=get-device-id C:\Users\arthurf\AppData\Local\Temp\upi_deviceid2
[08/18/26 09:53:41] info     Set deviceID2 to 8D15DB987E09D806DFFC844B34CAEC4C3EA6C462EDF3FC1A4D6FC3F7F4914EBE&C5B0FF825B96DA13FE75F782DE31D8A13A36E93A5EEE952B5C0A35B72ECA1FC2&6802C643B559C3D6148E6012C96FC77D04C43B17F1C77F9C057BAF1D38FD94B7
[08/18/26 09:53:41] info     Setting key SP/DEVICEID2, value 8D15DB987E09D806DFFC844B34CAEC4C3EA6C462EDF3FC1A4D6FC3F7F4914EBE&C5B0FF825B96DA13FE75F782DE31D8A13A36E93A5EEE952B5C0A35B72ECA1FC2&6802C643B559C3D6148E6012C96FC77D04C43B17F1C77F9C057BAF1D38FD94B7 (maxCount 1)
[08/18/26 09:53:41] info     Setting key SP/UUID, value 9d6767a77b9d2cce90e03082e1302957689eeac58D15DB987E09D806DFFC844B34CAEC4C3EA6C462EDF3FC1A4D6FC3F7F4914EBE&C5B0FF825B96DA13FE75F782DE31D8A13A36E93A5EEE952B5C0A35B72ECA1FC2&6802C643B559C3D6148E6012C96FC77D04C43B17F1C77F9C057BAF1D38FD94B7 (maxCount 1)
[08/18/26 09:53:41] info     Set senddmp exe path to C:\Program Files\Autodesk\AutoCAD 2027\CER\senddmp.exe
[08/18/26 09:53:41] info     The cer_service exe C:\Program Files\Autodesk\AutoCAD 2027\CER\service\cer_service.exe is not in folder C:\Program Files\Autodesk\AutoCAD 2027\CER\, it's not a sandbox
[08/18/26 09:53:41] info     launching C:\Program Files\Autodesk\AutoCAD 2027\CER\upi.exe "C:\Program Files\Autodesk\AutoCAD 2027\C3D\en-US\UPI\upiconfig.xml" C:\Users\arthurf\AppData\Local\Temp\upi_info.xml
[08/18/26 09:53:41] info     Setting key SP/UPI_PRODUCT, value CIV3D (maxCount 1)
[08/18/26 09:53:41] info     Setting key SP/UPI_RELEASE, value 2027 (maxCount 1)
[08/18/26 09:53:41] info     Setting key SP/UPI_MASTER, value {28B89EEF-A100-0409-2102-CF3F3A09B77D} (maxCount 1)
[08/18/26 09:53:41] info     Setting key SP/UPI_BUILD, value 13.9.628.0 (maxCount 1)
[08/18/26 09:53:41] info     Setting key SP/UPI_FULL_XML, value <?xml version="1.0"?><upipackage><upivalue version="1.0" type="product" requestingapp="true"><level name="productline" id="CIV3D"><level name="release" id="2027"><level name="master" id="{28B89EEF-A100-0409-2102-CF3F3A09B77D}"><level name="build" id="13.9.628.0"/></level></level></level></upivalue>
<upivalue version="1" type="product"><level name="productline" instancename="Autodesk Design Review" id="ADR"><level name="release" instancename="Autodesk Design Review 2017" id="2017"><level name="master" instancename="32-bit English Unlocked" id="{2A80BA4A-F4B9-44DA-B53E-85909B79A481}"><level name="build" instancename="P145" id="14.0.0.177"/></level></level></level></upivalue>
<upivalue version="1.0" type="product"><level name="productline" id="PLC0000037"><level name="release" id="2025"><level name="master" id="{28B89EEF-8128-0409-0100-CF3F3A09B77D}"><level name="build" id="25.0.154.0.0"/></level></level></level></upivalue>
<upivalue version="1.0" type="product"><level name="productline" id="ARCHDESK"><level name="release" id="2026"><level name="master" id="{28B89EEE-9104-0000-5102-CF3F3A09B77D}"><level name="build" id="8.8.58.0"/></level></level></level></upivalue>
<upivalue version="1.0" type="product"><level name="productline" id="ACD"><level name="release" id="2026"><level name="master" id="{28B89EEF-9101-0409-2102-CF3F3A09B77D}"><level name="build" id="25.1.164.0.0"/></level></level></level></upivalue>
<upivalue version="1.0" type="product"><level name="productline" id="ARCHDESK"><level name="release" id="2027"><level name="master" id="{28B89EEF-A104-0409-4102-CF3F3A09B77D}"><level name="build" id="8.9.51.0"/></level></level></level></upivalue>
<upivalue version="1.0" type="product"><level name="productline" id="ARCHDESK"><level name="release" id="2027"><level name="master" id="{28B89EEF-A104-0000-4102-CF3F3A09B77D}"><level name="build" id="8.9.51.0"/></level></level></level></upivalue>
<upivalue version="1.0" type="product"><level name="productline" id="ACD"><level name="release" id="2027"><level name="master" id="{28B89EEF-A101-0000-0102-CF3F3A09B77D}"><level name="build" id="26.0.60.0.0"/></level></level></level></upivalue>
<upivalue version="1.0" type="product"><level name="productline" id="ACD"><level name="release" id="2027"><level name="master" id="{28B89EEF-A101-0409-1102-CF3F3A09B77D}"><level name="build" id="26.0.60.0.0"/></level></level></level></upivalue>
<upivalue version="1.0" type="product"><level name="productline" id="ARCHDESK"><level name="release" id="2027"><level name="master" id="{28B89EEE-A104-0000-5102-CF3F3A09B77D}"><level name="build" id="8.9.51.0"/></level></level></level></upivalue>
<upivalue version="1.0" type="product"><level name="productline" id="VEHTRK"><level name="release" id="2027"><level name="master" id="{1F998EA5-D0D7-4D77-AF61-65828DBEE474}"><level name="build" id="27.0.0.2932"/></level></level></level></upivalue>
</upipackage> (maxCount 1)
[08/18/26 09:53:41] info     set legacy options: /APPXML "<AppInformation name=\"Autodesk Civil 3D 2027\" version=\"13.9.628.0\" />"
[08/18/26 09:53:41] info     Setting key RP/AppXML, value <AppInformation name="Autodesk Civil 3D 2027" version="13.9.628.0" /> (maxCount 100)
[08/18/26 09:53:41] info     Setting key RP/CadSettingsRegPath, value Software\Autodesk\AutoCAD\R26.0\ACAD-A100:409\CadManagerControl\CustomerErrorReport (maxCount 1)
[08/18/26 09:53:41] info     Setting key RP/AppLocaleId, value 1033 (maxCount 1)
[08/18/26 09:53:41] info     Setting key RP/AppXML, value <ProductInformation name ="AutoCAD" build_version="X.60.0.0(x64)" registry_version="26.0" install_id_string="ACAD-A100:409" registry_localeID="1033" git_commit_id="90c984aa66a571142ee0757584bac517eec2175a" /> (maxCount 100)
[08/18/26 09:53:41] info     Setting key SP/THEME_TYPE, value Blue (maxCount 1)
[08/18/26 09:53:41] info     Setting key SP/EXCEPTION_INFO_POINTER, value 140729295602968 (maxCount 1)
[08/18/26 09:53:41] info     Setting key SP/THREAD_ID, value 4294967295 (maxCount 1)
[08/18/26 09:53:41] info     Get key SP/THREAD_ID, index 0: "4294967295"
[08/18/26 09:53:41] info     Setting key SP/WER, value 0 (maxCount 1)
[08/18/26 09:53:41] info     Get key SP/WER, index 0: "0"
[08/18/26 09:53:41] info     Registered C:\Program Files\Autodesk\AutoCAD 2027\cer.dll as WER runtime exception module
[08/18/26 09:53:41] info     Current ErrorMode is 32769
[08/18/26 09:53:41] debug    Receiver ping: pong
[08/18/26 09:56:29] info     ================= cer started =================
[08/18/26 09:56:29] info     C:\Program Files\Autodesk\AutoCAD 2027\cer.dll, 7.2.4+20251128.8f05bb68.927
[08/18/26 09:56:29] info     Setting key SP/SDK_VERSION, value 7.2.4+20251128.8f05bb68.927 (maxCount 1)
[08/18/26 09:56:29] info     Setting key SP/PRODUCT_NAME_HASH, value 9d6767a77b9d2cce90e03082e1302957689eeac5 (maxCount 1)
[08/18/26 09:56:29] info     Setting key SP/RUNTIME_ARCH, value 1 (maxCount 1)
[08/18/26 09:56:29] info     Set senddmp exe path to C:\Program Files\Autodesk\AutoCAD 2027\CER\senddmp.exe
[08/18/26 09:56:29] info     The cer_service exe C:\Program Files\Autodesk\AutoCAD 2027\CER\service\cer_service.exe is not in folder C:\Program Files\Autodesk\AutoCAD 2027\CER\, it's not a sandbox
[08/18/26 09:56:29] info     Set upi exe path to C:\Program Files\Autodesk\AutoCAD 2027\CER\upi.exe
[08/18/26 09:56:29] info     launching C:\Program Files\Autodesk\AutoCAD 2027\CER\upi.exe --cmd=get-device-id C:\Users\arthurf\AppData\Local\Temp\upi_deviceid2
[08/18/26 09:56:29] info     Set deviceID2 to 8D15DB987E09D806DFFC844B34CAEC4C3EA6C462EDF3FC1A4D6FC3F7F4914EBE&C5B0FF825B96DA13FE75F782DE31D8A13A36E93A5EEE952B5C0A35B72ECA1FC2&6802C643B559C3D6148E6012C96FC77D04C43B17F1C77F9C057BAF1D38FD94B7
[08/18/26 09:56:29] info     Setting key SP/DEVICEID2, value 8D15DB987E09D806DFFC844B34CAEC4C3EA6C462EDF3FC1A4D6FC3F7F4914EBE&C5B0FF825B96DA13FE75F782DE31D8A13A36E93A5EEE952B5C0A35B72ECA1FC2&6802C643B559C3D6148E6012C96FC77D04C43B17F1C77F9C057BAF1D38FD94B7 (maxCount 1)
[08/18/26 09:56:29] info     Setting key SP/UUID, value 9d6767a77b9d2cce90e03082e1302957689eeac58D15DB987E09D806DFFC844B34CAEC4C3EA6C462EDF3FC1A4D6FC3F7F4914EBE&C5B0FF825B96DA13FE75F782DE31D8A13A36E93A5EEE952B5C0A35B72ECA1FC2&6802C643B559C3D6148E6012C96FC77D04C43B17F1C77F9C057BAF1D38FD94B7 (maxCount 1)
[08/18/26 09:56:29] info     Set senddmp exe path to C:\Program Files\Autodesk\AutoCAD 2027\CER\senddmp.exe
[08/18/26 09:56:29] info     The cer_service exe C:\Program Files\Autodesk\AutoCAD 2027\CER\service\cer_service.exe is not in folder C:\Program Files\Autodesk\AutoCAD 2027\CER\, it's not a sandbox
[08/18/26 09:56:29] info     launching C:\Program Files\Autodesk\AutoCAD 2027\CER\upi.exe "C:\Program Files\Autodesk\AutoCAD 2027\C3D\en-US\UPI\upiconfig.xml" C:\Users\arthurf\AppData\Local\Temp\upi_info.xml
[08/18/26 09:56:29] info     Setting key SP/UPI_PRODUCT, value CIV3D (maxCount 1)
[08/18/26 09:56:29] info     Setting key SP/UPI_RELEASE, value 2027 (maxCount 1)
[08/18/26 09:56:29] info     Setting key SP/UPI_MASTER, value {28B89EEF-A100-0409-2102-CF3F3A09B77D} (maxCount 1)
[08/18/26 09:56:29] info     Setting key SP/UPI_BUILD, value 13.9.628.0 (maxCount 1)
[08/18/26 09:56:29] info     Setting key SP/UPI_FULL_XML, value <?xml version="1.0"?><upipackage><upivalue version="1.0" type="product" requestingapp="true"><level name="productline" id="CIV3D"><level name="release" id="2027"><level name="master" id="{28B89EEF-A100-0409-2102-CF3F3A09B77D}"><level name="build" id="13.9.628.0"/></level></level></level></upivalue>
<upivalue version="1" type="product"><level name="productline" instancename="Autodesk Design Review" id="ADR"><level name="release" instancename="Autodesk Design Review 2017" id="2017"><level name="master" instancename="32-bit English Unlocked" id="{2A80BA4A-F4B9-44DA-B53E-85909B79A481}"><level name="build" instancename="P145" id="14.0.0.177"/></level></level></level></upivalue>
<upivalue version="1.0" type="product"><level name="productline" id="PLC0000037"><level name="release" id="2025"><level name="master" id="{28B89EEF-8128-0409-0100-CF3F3A09B77D}"><level name="build" id="25.0.154.0.0"/></level></level></level></upivalue>
<upivalue version="1.0" type="product"><level name="productline" id="ARCHDESK"><level name="release" id="2026"><level name="master" id="{28B89EEE-9104-0000-5102-CF3F3A09B77D}"><level name="build" id="8.8.58.0"/></level></level></level></upivalue>
<upivalue version="1.0" type="product"><level name="productline" id="ACD"><level name="release" id="2026"><level name="master" id="{28B89EEF-9101-0409-2102-CF3F3A09B77D}"><level name="build" id="25.1.164.0.0"/></level></level></level></upivalue>
<upivalue version="1.0" type="product"><level name="productline" id="ARCHDESK"><level name="release" id="2027"><level name="master" id="{28B89EEF-A104-0409-4102-CF3F3A09B77D}"><level name="build" id="8.9.51.0"/></level></level></level></upivalue>
<upivalue version="1.0" type="product"><level name="productline" id="ARCHDESK"><level name="release" id="2027"><level name="master" id="{28B89EEF-A104-0000-4102-CF3F3A09B77D}"><level name="build" id="8.9.51.0"/></level></level></level></upivalue>
<upivalue version="1.0" type="product"><level name="productline" id="ACD"><level name="release" id="2027"><level name="master" id="{28B89EEF-A101-0000-0102-CF3F3A09B77D}"><level name="build" id="26.0.60.0.0"/></level></level></level></upivalue>
<upivalue version="1.0" type="product"><level name="productline" id="ACD"><level name="release" id="2027"><level name="master" id="{28B89EEF-A101-0409-1102-CF3F3A09B77D}"><level name="build" id="26.0.60.0.0"/></level></level></level></upivalue>
<upivalue version="1.0" type="product"><level name="productline" id="ARCHDESK"><level name="release" id="2027"><level name="master" id="{28B89EEE-A104-0000-5102-CF3F3A09B77D}"><level name="build" id="8.9.51.0"/></level></level></level></upivalue>
<upivalue version="1.0" type="product"><level name="productline" id="VEHTRK"><level name="release" id="2027"><level name="master" id="{1F998EA5-D0D7-4D77-AF61-65828DBEE474}"><level name="build" id="27.0.0.2932"/></level></level></level></upivalue>
</upipackage> (maxCount 1)
[08/18/26 09:56:29] info     set legacy options: /APPXML "<AppInformation name=\"Autodesk Civil 3D 2027\" version=\"13.9.628.0\" />"
[08/18/26 09:56:29] info     Setting key RP/AppXML, value <AppInformation name="Autodesk Civil 3D 2027" version="13.9.628.0" /> (maxCount 100)
[08/18/26 09:56:29] info     Setting key RP/CadSettingsRegPath, value Software\Autodesk\AutoCAD\R26.0\ACAD-A100:409\CadManagerControl\CustomerErrorReport (maxCount 1)
[08/18/26 09:56:29] info     Setting key RP/AppLocaleId, value 1033 (maxCount 1)
[08/18/26 09:56:29] info     Setting key RP/AppXML, value <ProductInformation name ="AutoCAD" build_version="X.60.0.0(x64)" registry_version="26.0" install_id_string="ACAD-A100:409" registry_localeID="1033" git_commit_id="90c984aa66a571142ee0757584bac517eec2175a" /> (maxCount 100)
[08/18/26 09:56:29] info     Setting key SP/THEME_TYPE, value Blue (maxCount 1)
[08/18/26 09:56:29] info     Setting key SP/EXCEPTION_INFO_POINTER, value 140729295602968 (maxCount 1)
[08/18/26 09:56:29] info     Setting key SP/THREAD_ID, value 4294967295 (maxCount 1)
[08/18/26 09:56:29] info     Get key SP/THREAD_ID, index 0: "4294967295"
[08/18/26 09:56:29] info     Setting key SP/WER, value 0 (maxCount 1)
[08/18/26 09:56:29] info     Get key SP/WER, index 0: "0"
[08/18/26 09:56:29] info     Registered C:\Program Files\Autodesk\AutoCAD 2027\cer.dll as WER runtime exception module
[08/18/26 09:56:29] info     Current ErrorMode is 32769
[08/18/26 09:56:29] debug    Receiver ping: pong
[08/18/26 09:56:39] debug    Receiver ping: pong
[08/18/26 10:29:51] info     ================= cer started =================
[08/18/26 10:29:51] info     C:\Program Files\Autodesk\AutoCAD 2027\cer.dll, 7.2.4+20251128.8f05bb68.927
[08/18/26 10:29:51] info     Setting key SP/SDK_VERSION, value 7.2.4+20251128.8f05bb68.927 (maxCount 1)
[08/18/26 10:29:51] info     Setting key SP/PRODUCT_NAME_HASH, value 9d6767a77b9d2cce90e03082e1302957689eeac5 (maxCount 1)
[08/18/26 10:29:51] info     Setting key SP/RUNTIME_ARCH, value 1 (maxCount 1)
[08/18/26 10:29:51] info     Set senddmp exe path to C:\Program Files\Autodesk\AutoCAD 2027\CER\senddmp.exe
[08/18/26 10:29:51] info     The cer_service exe C:\Program Files\Autodesk\AutoCAD 2027\CER\service\cer_service.exe is not in folder C:\Program Files\Autodesk\AutoCAD 2027\CER\, it's not a sandbox
[08/18/26 10:29:51] info     Set upi exe path to C:\Program Files\Autodesk\AutoCAD 2027\CER\upi.exe
[08/18/26 10:29:51] info     launching C:\Program Files\Autodesk\AutoCAD 2027\CER\upi.exe --cmd=get-device-id C:\Users\arthurf\AppData\Local\Temp\upi_deviceid2
[08/18/26 10:29:51] info     Set deviceID2 to 8D15DB987E09D806DFFC844B34CAEC4C3EA6C462EDF3FC1A4D6FC3F7F4914EBE&C5B0FF825B96DA13FE75F782DE31D8A13A36E93A5EEE952B5C0A35B72ECA1FC2&6802C643B559C3D6148E6012C96FC77D04C43B17F1C77F9C057BAF1D38FD94B7
[08/18/26 10:29:51] info     Setting key SP/DEVICEID2, value 8D15DB987E09D806DFFC844B34CAEC4C3EA6C462EDF3FC1A4D6FC3F7F4914EBE&C5B0FF825B96DA13FE75F782DE31D8A13A36E93A5EEE952B5C0A35B72ECA1FC2&6802C643B559C3D6148E6012C96FC77D04C43B17F1C77F9C057BAF1D38FD94B7 (maxCount 1)
[08/18/26 10:29:51] info     Setting key SP/UUID, value 9d6767a77b9d2cce90e03082e1302957689eeac58D15DB987E09D806DFFC844B34CAEC4C3EA6C462EDF3FC1A4D6FC3F7F4914EBE&C5B0FF825B96DA13FE75F782DE31D8A13A36E93A5EEE952B5C0A35B72ECA1FC2&6802C643B559C3D6148E6012C96FC77D04C43B17F1C77F9C057BAF1D38FD94B7 (maxCount 1)
[08/18/26 10:29:51] info     Set senddmp exe path to C:\Program Files\Autodesk\AutoCAD 2027\CER\senddmp.exe
[08/18/26 10:29:51] info     The cer_service exe C:\Program Files\Autodesk\AutoCAD 2027\CER\service\cer_service.exe is not in folder C:\Program Files\Autodesk\AutoCAD 2027\CER\, it's not a sandbox
[08/18/26 10:29:51] info     launching C:\Program Files\Autodesk\AutoCAD 2027\CER\upi.exe "C:\Program Files\Autodesk\AutoCAD 2027\C3D\en-US\UPI\upiconfig.xml" C:\Users\arthurf\AppData\Local\Temp\upi_info.xml
[08/18/26 10:29:52] info     Setting key SP/UPI_PRODUCT, value CIV3D (maxCount 1)
[08/18/26 10:29:52] info     Setting key SP/UPI_RELEASE, value 2027 (maxCount 1)
[08/18/26 10:29:52] info     Setting key SP/UPI_MASTER, value {28B89EEF-A100-0409-2102-CF3F3A09B77D} (maxCount 1)
[08/18/26 10:29:52] info     Setting key SP/UPI_BUILD, value 13.9.628.0 (maxCount 1)
[08/18/26 10:29:52] info     Setting key SP/UPI_FULL_XML, value <?xml version="1.0"?><upipackage><upivalue version="1.0" type="product" requestingapp="true"><level name="productline" id="CIV3D"><level name="release" id="2027"><level name="master" id="{28B89EEF-A100-0409-2102-CF3F3A09B77D}"><level name="build" id="13.9.628.0"/></level></level></level></upivalue>
<upivalue version="1" type="product"><level name="productline" instancename="Autodesk Design Review" id="ADR"><level name="release" instancename="Autodesk Design Review 2017" id="2017"><level name="master" instancename="32-bit English Unlocked" id="{2A80BA4A-F4B9-44DA-B53E-85909B79A481}"><level name="build" instancename="P145" id="14.0.0.177"/></level></level></level></upivalue>
<upivalue version="1.0" type="product"><level name="productline" id="PLC0000037"><level name="release" id="2025"><level name="master" id="{28B89EEF-8128-0409-0100-CF3F3A09B77D}"><level name="build" id="25.0.154.0.0"/></level></level></level></upivalue>
<upivalue version="1.0" type="product"><level name="productline" id="ARCHDESK"><level name="release" id="2026"><level name="master" id="{28B89EEE-9104-0000-5102-CF3F3A09B77D}"><level name="build" id="8.8.58.0"/></level></level></level></upivalue>
<upivalue version="1.0" type="product"><level name="productline" id="ACD"><level name="release" id="2026"><level name="master" id="{28B89EEF-9101-0409-2102-CF3F3A09B77D}"><level name="build" id="25.1.164.0.0"/></level></level></level></upivalue>
<upivalue version="1.0" type="product"><level name="productline" id="ARCHDESK"><level name="release" id="2027"><level name="master" id="{28B89EEF-A104-0409-4102-CF3F3A09B77D}"><level name="build" id="8.9.51.0"/></level></level></level></upivalue>
<upivalue version="1.0" type="product"><level name="productline" id="ARCHDESK"><level name="release" id="2027"><level name="master" id="{28B89EEF-A104-0000-4102-CF3F3A09B77D}"><level name="build" id="8.9.51.0"/></level></level></level></upivalue>
<upivalue version="1.0" type="product"><level name="productline" id="ACD"><level name="release" id="2027"><level name="master" id="{28B89EEF-A101-0000-0102-CF3F3A09B77D}"><level name="build" id="26.0.60.0.0"/></level></level></level></upivalue>
<upivalue version="1.0" type="product"><level name="productline" id="ACD"><level name="release" id="2027"><level name="master" id="{28B89EEF-A101-0409-1102-CF3F3A09B77D}"><level name="build" id="26.0.60.0.0"/></level></level></level></upivalue>
<upivalue version="1.0" type="product"><level name="productline" id="ARCHDESK"><level name="release" id="2027"><level name="master" id="{28B89EEE-A104-0000-5102-CF3F3A09B77D}"><level name="build" id="8.9.51.0"/></level></level></level></upivalue>
<upivalue version="1.0" type="product"><level name="productline" id="VEHTRK"><level name="release" id="2027"><level name="master" id="{1F998EA5-D0D7-4D77-AF61-65828DBEE474}"><level name="build" id="27.0.0.2932"/></level></level></level></upivalue>
</upipackage> (maxCount 1)
[08/18/26 10:29:52] info     set legacy options: /APPXML "<AppInformation name=\"Autodesk Civil 3D 2027\" version=\"13.9.628.0\" />"
[08/18/26 10:29:52] info     Setting key RP/AppXML, value <AppInformation name="Autodesk Civil 3D 2027" version="13.9.628.0" /> (maxCount 100)
[08/18/26 10:29:52] info     Setting key RP/CadSettingsRegPath, value Software\Autodesk\AutoCAD\R26.0\ACAD-A100:409\CadManagerControl\CustomerErrorReport (maxCount 1)
[08/18/26 10:29:52] info     Setting key RP/AppLocaleId, value 1033 (maxCount 1)
[08/18/26 10:29:52] info     Setting key RP/AppXML, value <ProductInformation name ="AutoCAD" build_version="X.60.0.0(x64)" registry_version="26.0" install_id_string="ACAD-A100:409" registry_localeID="1033" git_commit_id="90c984aa66a571142ee0757584bac517eec2175a" /> (maxCount 100)
[08/18/26 10:29:52] info     Setting key SP/THEME_TYPE, value Blue (maxCount 1)
[08/18/26 10:29:52] info     Setting key SP/EXCEPTION_INFO_POINTER, value 140728125457688 (maxCount 1)
[08/18/26 10:29:52] info     Setting key SP/THREAD_ID, value 4294967295 (maxCount 1)
[08/18/26 10:29:52] info     Get key SP/THREAD_ID, index 0: "4294967295"
[08/18/26 10:29:52] info     Setting key SP/WER, value 0 (maxCount 1)
[08/18/26 10:29:52] info     Get key SP/WER, index 0: "0"
[08/18/26 10:29:52] info     Registered C:\Program Files\Autodesk\AutoCAD 2027\cer.dll as WER runtime exception module
[08/18/26 10:29:52] info     Current ErrorMode is 32769
[08/18/26 10:29:52] debug    Receiver ping: pong
[08/18/26 10:32:34] info     ================= cer started =================
[08/18/26 10:32:34] info     C:\Program Files\Autodesk\AutoCAD 2027\cer.dll, 7.2.4+20251128.8f05bb68.927
[08/18/26 10:32:34] info     Setting key SP/SDK_VERSION, value 7.2.4+20251128.8f05bb68.927 (maxCount 1)
[08/18/26 10:32:34] info     Setting key SP/PRODUCT_NAME_HASH, value 9d6767a77b9d2cce90e03082e1302957689eeac5 (maxCount 1)
[08/18/26 10:32:34] info     Setting key SP/RUNTIME_ARCH, value 1 (maxCount 1)
[08/18/26 10:32:34] info     Set senddmp exe path to C:\Program Files\Autodesk\AutoCAD 2027\CER\senddmp.exe
[08/18/26 10:32:34] info     The cer_service exe C:\Program Files\Autodesk\AutoCAD 2027\CER\service\cer_service.exe is not in folder C:\Program Files\Autodesk\AutoCAD 2027\CER\, it's not a sandbox
[08/18/26 10:32:34] info     Set upi exe path to C:\Program Files\Autodesk\AutoCAD 2027\CER\upi.exe
[08/18/26 10:32:34] info     launching C:\Program Files\Autodesk\AutoCAD 2027\CER\upi.exe --cmd=get-device-id C:\Users\arthurf\AppData\Local\Temp\upi_deviceid2
[08/18/26 10:32:34] info     Set deviceID2 to 8D15DB987E09D806DFFC844B34CAEC4C3EA6C462EDF3FC1A4D6FC3F7F4914EBE&C5B0FF825B96DA13FE75F782DE31D8A13A36E93A5EEE952B5C0A35B72ECA1FC2&6802C643B559C3D6148E6012C96FC77D04C43B17F1C77F9C057BAF1D38FD94B7
[08/18/26 10:32:34] info     Setting key SP/DEVICEID2, value 8D15DB987E09D806DFFC844B34CAEC4C3EA6C462EDF3FC1A4D6FC3F7F4914EBE&C5B0FF825B96DA13FE75F782DE31D8A13A36E93A5EEE952B5C0A35B72ECA1FC2&6802C643B559C3D6148E6012C96FC77D04C43B17F1C77F9C057BAF1D38FD94B7 (maxCount 1)
[08/18/26 10:32:34] info     Setting key SP/UUID, value 9d6767a77b9d2cce90e03082e1302957689eeac58D15DB987E09D806DFFC844B34CAEC4C3EA6C462EDF3FC1A4D6FC3F7F4914EBE&C5B0FF825B96DA13FE75F782DE31D8A13A36E93A5EEE952B5C0A35B72ECA1FC2&6802C643B559C3D6148E6012C96FC77D04C43B17F1C77F9C057BAF1D38FD94B7 (maxCount 1)
[08/18/26 10:32:34] info     Set senddmp exe path to C:\Program Files\Autodesk\AutoCAD 2027\CER\senddmp.exe
[08/18/26 10:32:34] info     The cer_service exe C:\Program Files\Autodesk\AutoCAD 2027\CER\service\cer_service.exe is not in folder C:\Program Files\Autodesk\AutoCAD 2027\CER\, it's not a sandbox
[08/18/26 10:32:34] info     launching C:\Program Files\Autodesk\AutoCAD 2027\CER\upi.exe "C:\Program Files\Autodesk\AutoCAD 2027\C3D\en-US\UPI\upiconfig.xml" C:\Users\arthurf\AppData\Local\Temp\upi_info.xml
[08/18/26 10:32:35] info     Setting key SP/UPI_PRODUCT, value CIV3D (maxCount 1)
[08/18/26 10:32:35] info     Setting key SP/UPI_RELEASE, value 2027 (maxCount 1)
[08/18/26 10:32:35] info     Setting key SP/UPI_MASTER, value {28B89EEF-A100-0409-2102-CF3F3A09B77D} (maxCount 1)
[08/18/26 10:32:35] info     Setting key SP/UPI_BUILD, value 13.9.628.0 (maxCount 1)
[08/18/26 10:32:35] info     Setting key SP/UPI_FULL_XML, value <?xml version="1.0"?><upipackage><upivalue version="1.0" type="product" requestingapp="true"><level name="productline" id="CIV3D"><level name="release" id="2027"><level name="master" id="{28B89EEF-A100-0409-2102-CF3F3A09B77D}"><level name="build" id="13.9.628.0"/></level></level></level></upivalue>
<upivalue version="1" type="product"><level name="productline" instancename="Autodesk Design Review" id="ADR"><level name="release" instancename="Autodesk Design Review 2017" id="2017"><level name="master" instancename="32-bit English Unlocked" id="{2A80BA4A-F4B9-44DA-B53E-85909B79A481}"><level name="build" instancename="P145" id="14.0.0.177"/></level></level></level></upivalue>
<upivalue version="1.0" type="product"><level name="productline" id="PLC0000037"><level name="release" id="2025"><level name="master" id="{28B89EEF-8128-0409-0100-CF3F3A09B77D}"><level name="build" id="25.0.154.0.0"/></level></level></level></upivalue>
<upivalue version="1.0" type="product"><level name="productline" id="ARCHDESK"><level name="release" id="2026"><level name="master" id="{28B89EEE-9104-0000-5102-CF3F3A09B77D}"><level name="build" id="8.8.58.0"/></level></level></level></upivalue>
<upivalue version="1.0" type="product"><level name="productline" id="ACD"><level name="release" id="2026"><level name="master" id="{28B89EEF-9101-0409-2102-CF3F3A09B77D}"><level name="build" id="25.1.164.0.0"/></level></level></level></upivalue>
<upivalue version="1.0" type="product"><level name="productline" id="ARCHDESK"><level name="release" id="2027"><level name="master" id="{28B89EEF-A104-0409-4102-CF3F3A09B77D}"><level name="build" id="8.9.51.0"/></level></level></level></upivalue>
<upivalue version="1.0" type="product"><level name="productline" id="ARCHDESK"><level name="release" id="2027"><level name="master" id="{28B89EEF-A104-0000-4102-CF3F3A09B77D}"><level name="build" id="8.9.51.0"/></level></level></level></upivalue>
<upivalue version="1.0" type="product"><level name="productline" id="ACD"><level name="release" id="2027"><level name="master" id="{28B89EEF-A101-0000-0102-CF3F3A09B77D}"><level name="build" id="26.0.60.0.0"/></level></level></level></upivalue>
<upivalue version="1.0" type="product"><level name="productline" id="ACD"><level name="release" id="2027"><level name="master" id="{28B89EEF-A101-0409-1102-CF3F3A09B77D}"><level name="build" id="26.0.60.0.0"/></level></level></level></upivalue>
<upivalue version="1.0" type="product"><level name="productline" id="ARCHDESK"><level name="release" id="2027"><level name="master" id="{28B89EEE-A104-0000-5102-CF3F3A09B77D}"><level name="build" id="8.9.51.0"/></level></level></level></upivalue>
<upivalue version="1.0" type="product"><level name="productline" id="VEHTRK"><level name="release" id="2027"><level name="master" id="{1F998EA5-D0D7-4D77-AF61-65828DBEE474}"><level name="build" id="27.0.0.2932"/></level></level></level></upivalue>
</upipackage> (maxCount 1)
[08/18/26 10:32:35] info     set legacy options: /APPXML "<AppInformation name=\"Autodesk Civil 3D 2027\" version=\"13.9.628.0\" />"
[08/18/26 10:32:35] info     Setting key RP/AppXML, value <AppInformation name="Autodesk Civil 3D 2027" version="13.9.628.0" /> (maxCount 100)
[08/18/26 10:32:35] info     Setting key RP/CadSettingsRegPath, value Software\Autodesk\AutoCAD\R26.0\ACAD-A100:409\CadManagerControl\CustomerErrorReport (maxCount 1)
[08/18/26 10:32:35] info     Setting key RP/AppLocaleId, value 1033 (maxCount 1)
[08/18/26 10:32:35] info     Setting key RP/AppXML, value <ProductInformation name ="AutoCAD" build_version="X.60.0.0(x64)" registry_version="26.0" install_id_string="ACAD-A100:409" registry_localeID="1033" git_commit_id="90c984aa66a571142ee0757584bac517eec2175a" /> (maxCount 100)
[08/18/26 10:32:35] info     Setting key SP/THEME_TYPE, value Blue (maxCount 1)
[08/18/26 10:32:35] info     Setting key SP/EXCEPTION_INFO_POINTER, value 140728125457688 (maxCount 1)
[08/18/26 10:32:35] info     Setting key SP/THREAD_ID, value 4294967295 (maxCount 1)
[08/18/26 10:32:35] info     Get key SP/THREAD_ID, index 0: "4294967295"
[08/18/26 10:32:35] info     Setting key SP/WER, value 0 (maxCount 1)
[08/18/26 10:32:35] info     Get key SP/WER, index 0: "0"
[08/18/26 10:32:35] info     Registered C:\Program Files\Autodesk\AutoCAD 2027\cer.dll as WER runtime exception module
[08/18/26 10:32:35] info     Current ErrorMode is 32769
[08/18/26 10:32:35] debug    Receiver ping: pong
[08/18/26 10:33:04] info     ================= cer started =================
[08/18/26 10:33:04] info     C:\Program Files\Autodesk\AutoCAD 2027\cer.dll, 7.2.4+20251128.8f05bb68.927
[08/18/26 10:33:04] info     Setting key SP/SDK_VERSION, value 7.2.4+20251128.8f05bb68.927 (maxCount 1)
[08/18/26 10:33:04] info     Setting key SP/PRODUCT_NAME_HASH, value 9d6767a77b9d2cce90e03082e1302957689eeac5 (maxCount 1)
[08/18/26 10:33:04] info     Setting key SP/RUNTIME_ARCH, value 1 (maxCount 1)
[08/18/26 10:33:04] info     Set senddmp exe path to C:\Program Files\Autodesk\AutoCAD 2027\CER\senddmp.exe
[08/18/26 10:33:04] info     The cer_service exe C:\Program Files\Autodesk\AutoCAD 2027\CER\service\cer_service.exe is not in folder C:\Program Files\Autodesk\AutoCAD 2027\CER\, it's not a sandbox
[08/18/26 10:33:04] info     Set upi exe path to C:\Program Files\Autodesk\AutoCAD 2027\CER\upi.exe
[08/18/26 10:33:04] info     launching C:\Program Files\Autodesk\AutoCAD 2027\CER\upi.exe --cmd=get-device-id C:\Users\arthurf\AppData\Local\Temp\upi_deviceid2
[08/18/26 10:33:04] info     Set deviceID2 to 8D15DB987E09D806DFFC844B34CAEC4C3EA6C462EDF3FC1A4D6FC3F7F4914EBE&C5B0FF825B96DA13FE75F782DE31D8A13A36E93A5EEE952B5C0A35B72ECA1FC2&6802C643B559C3D6148E6012C96FC77D04C43B17F1C77F9C057BAF1D38FD94B7
[08/18/26 10:33:04] info     Setting key SP/DEVICEID2, value 8D15DB987E09D806DFFC844B34CAEC4C3EA6C462EDF3FC1A4D6FC3F7F4914EBE&C5B0FF825B96DA13FE75F782DE31D8A13A36E93A5EEE952B5C0A35B72ECA1FC2&6802C643B559C3D6148E6012C96FC77D04C43B17F1C77F9C057BAF1D38FD94B7 (maxCount 1)
[08/18/26 10:33:04] info     Setting key SP/UUID, value 9d6767a77b9d2cce90e03082e1302957689eeac58D15DB987E09D806DFFC844B34CAEC4C3EA6C462EDF3FC1A4D6FC3F7F4914EBE&C5B0FF825B96DA13FE75F782DE31D8A13A36E93A5EEE952B5C0A35B72ECA1FC2&6802C643B559C3D6148E6012C96FC77D04C43B17F1C77F9C057BAF1D38FD94B7 (maxCount 1)
[08/18/26 10:33:04] info     Set senddmp exe path to C:\Program Files\Autodesk\AutoCAD 2027\CER\senddmp.exe
[08/18/26 10:33:04] info     The cer_service exe C:\Program Files\Autodesk\AutoCAD 2027\CER\service\cer_service.exe is not in folder C:\Program Files\Autodesk\AutoCAD 2027\CER\, it's not a sandbox
[08/18/26 10:33:04] info     launching C:\Program Files\Autodesk\AutoCAD 2027\CER\upi.exe "C:\Program Files\Autodesk\AutoCAD 2027\C3D\en-US\UPI\upiconfig.xml" C:\Users\arthurf\AppData\Local\Temp\upi_info.xml
[08/18/26 10:33:04] info     Setting key SP/UPI_PRODUCT, value CIV3D (maxCount 1)
[08/18/26 10:33:04] info     Setting key SP/UPI_RELEASE, value 2027 (maxCount 1)
[08/18/26 10:33:04] info     Setting key SP/UPI_MASTER, value {28B89EEF-A100-0409-2102-CF3F3A09B77D} (maxCount 1)
[08/18/26 10:33:04] info     Setting key SP/UPI_BUILD, value 13.9.628.0 (maxCount 1)
[08/18/26 10:33:04] info     Setting key SP/UPI_FULL_XML, value <?xml version="1.0"?><upipackage><upivalue version="1.0" type="product" requestingapp="true"><level name="productline" id="CIV3D"><level name="release" id="2027"><level name="master" id="{28B89EEF-A100-0409-2102-CF3F3A09B77D}"><level name="build" id="13.9.628.0"/></level></level></level></upivalue>
<upivalue version="1" type="product"><level name="productline" instancename="Autodesk Design Review" id="ADR"><level name="release" instancename="Autodesk Design Review 2017" id="2017"><level name="master" instancename="32-bit English Unlocked" id="{2A80BA4A-F4B9-44DA-B53E-85909B79A481}"><level name="build" instancename="P145" id="14.0.0.177"/></level></level></level></upivalue>
<upivalue version="1.0" type="product"><level name="productline" id="PLC0000037"><level name="release" id="2025"><level name="master" id="{28B89EEF-8128-0409-0100-CF3F3A09B77D}"><level name="build" id="25.0.154.0.0"/></level></level></level></upivalue>
<upivalue version="1.0" type="product"><level name="productline" id="ARCHDESK"><level name="release" id="2026"><level name="master" id="{28B89EEE-9104-0000-5102-CF3F3A09B77D}"><level name="build" id="8.8.58.0"/></level></level></level></upivalue>
<upivalue version="1.0" type="product"><level name="productline" id="ACD"><level name="release" id="2026"><level name="master" id="{28B89EEF-9101-0409-2102-CF3F3A09B77D}"><level name="build" id="25.1.164.0.0"/></level></level></level></upivalue>
<upivalue version="1.0" type="product"><level name="productline" id="ARCHDESK"><level name="release" id="2027"><level name="master" id="{28B89EEF-A104-0409-4102-CF3F3A09B77D}"><level name="build" id="8.9.51.0"/></level></level></level></upivalue>
<upivalue version="1.0" type="product"><level name="productline" id="ARCHDESK"><level name="release" id="2027"><level name="master" id="{28B89EEF-A104-0000-4102-CF3F3A09B77D}"><level name="build" id="8.9.51.0"/></level></level></level></upivalue>
<upivalue version="1.0" type="product"><level name="productline" id="ACD"><level name="release" id="2027"><level name="master" id="{28B89EEF-A101-0000-0102-CF3F3A09B77D}"><level name="build" id="26.0.60.0.0"/></level></level></level></upivalue>
<upivalue version="1.0" type="product"><level name="productline" id="ACD"><level name="release" id="2027"><level name="master" id="{28B89EEF-A101-0409-1102-CF3F3A09B77D}"><level name="build" id="26.0.60.0.0"/></level></level></level></upivalue>
<upivalue version="1.0" type="product"><level name="productline" id="ARCHDESK"><level name="release" id="2027"><level name="master" id="{28B89EEE-A104-0000-5102-CF3F3A09B77D}"><level name="build" id="8.9.51.0"/></level></level></level></upivalue>
<upivalue version="1.0" type="product"><level name="productline" id="VEHTRK"><level name="release" id="2027"><level name="master" id="{1F998EA5-D0D7-4D77-AF61-65828DBEE474}"><level name="build" id="27.0.0.2932"/></level></level></level></upivalue>
</upipackage> (maxCount 1)
[08/18/26 10:33:04] info     set legacy options: /APPXML "<AppInformation name=\"Autodesk Civil 3D 2027\" version=\"13.9.628.0\" />"
[08/18/26 10:33:04] info     Setting key RP/AppXML, value <AppInformation name="Autodesk Civil 3D 2027" version="13.9.628.0" /> (maxCount 100)
[08/18/26 10:33:04] info     Setting key RP/CadSettingsRegPath, value Software\Autodesk\AutoCAD\R26.0\ACAD-A100:409\CadManagerControl\CustomerErrorReport (maxCount 1)
[08/18/26 10:33:04] info     Setting key RP/AppLocaleId, value 1033 (maxCount 1)
[08/18/26 10:33:04] info     Setting key RP/AppXML, value <ProductInformation name ="AutoCAD" build_version="X.60.0.0(x64)" registry_version="26.0" install_id_string="ACAD-A100:409" registry_localeID="1033" git_commit_id="90c984aa66a571142ee0757584bac517eec2175a" /> (maxCount 100)
[08/18/26 10:33:04] info     Setting key SP/THEME_TYPE, value Blue (maxCount 1)
[08/18/26 10:33:04] info     Setting key SP/EXCEPTION_INFO_POINTER, value 140728125457688 (maxCount 1)
[08/18/26 10:33:04] info     Setting key SP/THREAD_ID, value 4294967295 (maxCount 1)
[08/18/26 10:33:04] info     Get key SP/THREAD_ID, index 0: "4294967295"
[08/18/26 10:33:04] info     Setting key SP/WER, value 0 (maxCount 1)
[08/18/26 10:33:04] info     Get key SP/WER, index 0: "0"
[08/18/26 10:33:04] info     Registered C:\Program Files\Autodesk\AutoCAD 2027\cer.dll as WER runtime exception module
[08/18/26 10:33:04] info     Current ErrorMode is 32769
[08/18/26 10:33:04] debug    Receiver ping: pong
[08/18/26 10:34:42] info     ================= cer started =================
[08/18/26 10:34:42] info     C:\Program Files\Autodesk\AutoCAD 2027\cer.dll, 7.2.4+20251128.8f05bb68.927
[08/18/26 10:34:42] info     Setting key SP/SDK_VERSION, value 7.2.4+20251128.8f05bb68.927 (maxCount 1)
[08/18/26 10:34:42] info     Setting key SP/PRODUCT_NAME_HASH, value 9d6767a77b9d2cce90e03082e1302957689eeac5 (maxCount 1)
[08/18/26 10:34:42] info     Setting key SP/RUNTIME_ARCH, value 1 (maxCount 1)
[08/18/26 10:34:42] info     Set senddmp exe path to C:\Program Files\Autodesk\AutoCAD 2027\CER\senddmp.exe
[08/18/26 10:34:42] info     The cer_service exe C:\Program Files\Autodesk\AutoCAD 2027\CER\service\cer_service.exe is not in folder C:\Program Files\Autodesk\AutoCAD 2027\CER\, it's not a sandbox
[08/18/26 10:34:42] info     Set upi exe path to C:\Program Files\Autodesk\AutoCAD 2027\CER\upi.exe
[08/18/26 10:34:42] info     launching C:\Program Files\Autodesk\AutoCAD 2027\CER\upi.exe --cmd=get-device-id C:\Users\arthurf\AppData\Local\Temp\upi_deviceid2
[08/18/26 10:34:42] info     Set deviceID2 to 8D15DB987E09D806DFFC844B34CAEC4C3EA6C462EDF3FC1A4D6FC3F7F4914EBE&C5B0FF825B96DA13FE75F782DE31D8A13A36E93A5EEE952B5C0A35B72ECA1FC2&6802C643B559C3D6148E6012C96FC77D04C43B17F1C77F9C057BAF1D38FD94B7
[08/18/26 10:34:42] info     Setting key SP/DEVICEID2, value 8D15DB987E09D806DFFC844B34CAEC4C3EA6C462EDF3FC1A4D6FC3F7F4914EBE&C5B0FF825B96DA13FE75F782DE31D8A13A36E93A5EEE952B5C0A35B72ECA1FC2&6802C643B559C3D6148E6012C96FC77D04C43B17F1C77F9C057BAF1D38FD94B7 (maxCount 1)
[08/18/26 10:34:42] info     Setting key SP/UUID, value 9d6767a77b9d2cce90e03082e1302957689eeac58D15DB987E09D806DFFC844B34CAEC4C3EA6C462EDF3FC1A4D6FC3F7F4914EBE&C5B0FF825B96DA13FE75F782DE31D8A13A36E93A5EEE952B5C0A35B72ECA1FC2&6802C643B559C3D6148E6012C96FC77D04C43B17F1C77F9C057BAF1D38FD94B7 (maxCount 1)
[08/18/26 10:34:42] info     Set senddmp exe path to C:\Program Files\Autodesk\AutoCAD 2027\CER\senddmp.exe
[08/18/26 10:34:42] info     The cer_service exe C:\Program Files\Autodesk\AutoCAD 2027\CER\service\cer_service.exe is not in folder C:\Program Files\Autodesk\AutoCAD 2027\CER\, it's not a sandbox
[08/18/26 10:34:42] info     launching C:\Program Files\Autodesk\AutoCAD 2027\CER\upi.exe "C:\Program Files\Autodesk\AutoCAD 2027\C3D\en-US\UPI\upiconfig.xml" C:\Users\arthurf\AppData\Local\Temp\upi_info.xml
[08/18/26 10:34:42] info     Setting key SP/UPI_PRODUCT, value CIV3D (maxCount 1)
[08/18/26 10:34:42] info     Setting key SP/UPI_RELEASE, value 2027 (maxCount 1)
[08/18/26 10:34:42] info     Setting key SP/UPI_MASTER, value {28B89EEF-A100-0409-2102-CF3F3A09B77D} (maxCount 1)
[08/18/26 10:34:42] info     Setting key SP/UPI_BUILD, value 13.9.628.0 (maxCount 1)
[08/18/26 10:34:42] info     Setting key SP/UPI_FULL_XML, value <?xml version="1.0"?><upipackage><upivalue version="1.0" type="product" requestingapp="true"><level name="productline" id="CIV3D"><level name="release" id="2027"><level name="master" id="{28B89EEF-A100-0409-2102-CF3F3A09B77D}"><level name="build" id="13.9.628.0"/></level></level></level></upivalue>
<upivalue version="1" type="product"><level name="productline" instancename="Autodesk Design Review" id="ADR"><level name="release" instancename="Autodesk Design Review 2017" id="2017"><level name="master" instancename="32-bit English Unlocked" id="{2A80BA4A-F4B9-44DA-B53E-85909B79A481}"><level name="build" instancename="P145" id="14.0.0.177"/></level></level></level></upivalue>
<upivalue version="1.0" type="product"><level name="productline" id="PLC0000037"><level name="release" id="2025"><level name="master" id="{28B89EEF-8128-0409-0100-CF3F3A09B77D}"><level name="build" id="25.0.154.0.0"/></level></level></level></upivalue>
<upivalue version="1.0" type="product"><level name="productline" id="ARCHDESK"><level name="release" id="2026"><level name="master" id="{28B89EEE-9104-0000-5102-CF3F3A09B77D}"><level name="build" id="8.8.58.0"/></level></level></level></upivalue>
<upivalue version="1.0" type="product"><level name="productline" id="ACD"><level name="release" id="2026"><level name="master" id="{28B89EEF-9101-0409-2102-CF3F3A09B77D}"><level name="build" id="25.1.164.0.0"/></level></level></level></upivalue>
<upivalue version="1.0" type="product"><level name="productline" id="ARCHDESK"><level name="release" id="2027"><level name="master" id="{28B89EEF-A104-0409-4102-CF3F3A09B77D}"><level name="build" id="8.9.51.0"/></level></level></level></upivalue>
<upivalue version="1.0" type="product"><level name="productline" id="ARCHDESK"><level name="release" id="2027"><level name="master" id="{28B89EEF-A104-0000-4102-CF3F3A09B77D}"><level name="build" id="8.9.51.0"/></level></level></level></upivalue>
<upivalue version="1.0" type="product"><level name="productline" id="ACD"><level name="release" id="2027"><level name="master" id="{28B89EEF-A101-0000-0102-CF3F3A09B77D}"><level name="build" id="26.0.60.0.0"/></level></level></level></upivalue>
<upivalue version="1.0" type="product"><level name="productline" id="ACD"><level name="release" id="2027"><level name="master" id="{28B89EEF-A101-0409-1102-CF3F3A09B77D}"><level name="build" id="26.0.60.0.0"/></level></level></level></upivalue>
<upivalue version="1.0" type="product"><level name="productline" id="ARCHDESK"><level name="release" id="2027"><level name="master" id="{28B89EEE-A104-0000-5102-CF3F3A09B77D}"><level name="build" id="8.9.51.0"/></level></level></level></upivalue>
<upivalue version="1.0" type="product"><level name="productline" id="VEHTRK"><level name="release" id="2027"><level name="master" id="{1F998EA5-D0D7-4D77-AF61-65828DBEE474}"><level name="build" id="27.0.0.2932"/></level></level></level></upivalue>
</upipackage> (maxCount 1)
[08/18/26 10:34:42] info     set legacy options: /APPXML "<AppInformation name=\"Autodesk Civil 3D 2027\" version=\"13.9.628.0\" />"
[08/18/26 10:34:42] info     Setting key RP/AppXML, value <AppInformation name="Autodesk Civil 3D 2027" version="13.9.628.0" /> (maxCount 100)
[08/18/26 10:34:42] info     Setting key RP/CadSettingsRegPath, value Software\Autodesk\AutoCAD\R26.0\ACAD-A100:409\CadManagerControl\CustomerErrorReport (maxCount 1)
[08/18/26 10:34:42] info     Setting key RP/AppLocaleId, value 1033 (maxCount 1)
[08/18/26 10:34:42] info     Setting key RP/AppXML, value <ProductInformation name ="AutoCAD" build_version="X.60.0.0(x64)" registry_version="26.0" install_id_string="ACAD-A100:409" registry_localeID="1033" git_commit_id="90c984aa66a571142ee0757584bac517eec2175a" /> (maxCount 100)
[08/18/26 10:34:42] info     Setting key SP/THEME_TYPE, value Blue (maxCount 1)
[08/18/26 10:34:42] info     Setting key SP/EXCEPTION_INFO_POINTER, value 140728125457688 (maxCount 1)
[08/18/26 10:34:42] info     Setting key SP/THREAD_ID, value 4294967295 (maxCount 1)
[08/18/26 10:34:42] info     Get key SP/THREAD_ID, index 0: "4294967295"
[08/18/26 10:34:42] info     Setting key SP/WER, value 0 (maxCount 1)
[08/18/26 10:34:42] info     Get key SP/WER, index 0: "0"
[08/18/26 10:34:42] info     Registered C:\Program Files\Autodesk\AutoCAD 2027\cer.dll as WER runtime exception module
[08/18/26 10:34:42] info     Current ErrorMode is 32769
[08/18/26 10:34:42] debug    Receiver ping: pong
[08/18/26 10:35:27] info     ================= cer started =================
[08/18/26 10:35:27] info     C:\Program Files\Autodesk\AutoCAD 2027\cer.dll, 7.2.4+20251128.8f05bb68.927
[08/18/26 10:35:27] info     Setting key SP/SDK_VERSION, value 7.2.4+20251128.8f05bb68.927 (maxCount 1)
[08/18/26 10:35:27] info     Setting key SP/PRODUCT_NAME_HASH, value 9d6767a77b9d2cce90e03082e1302957689eeac5 (maxCount 1)
[08/18/26 10:35:27] info     Setting key SP/RUNTIME_ARCH, value 1 (maxCount 1)
[08/18/26 10:35:27] info     Set senddmp exe path to C:\Program Files\Autodesk\AutoCAD 2027\CER\senddmp.exe
[08/18/26 10:35:27] info     The cer_service exe C:\Program Files\Autodesk\AutoCAD 2027\CER\service\cer_service.exe is not in folder C:\Program Files\Autodesk\AutoCAD 2027\CER\, it's not a sandbox
[08/18/26 10:35:27] info     Set upi exe path to C:\Program Files\Autodesk\AutoCAD 2027\CER\upi.exe
[08/18/26 10:35:27] info     launching C:\Program Files\Autodesk\AutoCAD 2027\CER\upi.exe --cmd=get-device-id C:\Users\arthurf\AppData\Local\Temp\upi_deviceid2
[08/18/26 10:35:27] info     Set deviceID2 to 8D15DB987E09D806DFFC844B34CAEC4C3EA6C462EDF3FC1A4D6FC3F7F4914EBE&C5B0FF825B96DA13FE75F782DE31D8A13A36E93A5EEE952B5C0A35B72ECA1FC2&6802C643B559C3D6148E6012C96FC77D04C43B17F1C77F9C057BAF1D38FD94B7
[08/18/26 10:35:27] info     Setting key SP/DEVICEID2, value 8D15DB987E09D806DFFC844B34CAEC4C3EA6C462EDF3FC1A4D6FC3F7F4914EBE&C5B0FF825B96DA13FE75F782DE31D8A13A36E93A5EEE952B5C0A35B72ECA1FC2&6802C643B559C3D6148E6012C96FC77D04C43B17F1C77F9C057BAF1D38FD94B7 (maxCount 1)
[08/18/26 10:35:27] info     Setting key SP/UUID, value 9d6767a77b9d2cce90e03082e1302957689eeac58D15DB987E09D806DFFC844B34CAEC4C3EA6C462EDF3FC1A4D6FC3F7F4914EBE&C5B0FF825B96DA13FE75F782DE31D8A13A36E93A5EEE952B5C0A35B72ECA1FC2&6802C643B559C3D6148E6012C96FC77D04C43B17F1C77F9C057BAF1D38FD94B7 (maxCount 1)
[08/18/26 10:35:27] info     Set senddmp exe path to C:\Program Files\Autodesk\AutoCAD 2027\CER\senddmp.exe
[08/18/26 10:35:27] info     The cer_service exe C:\Program Files\Autodesk\AutoCAD 2027\CER\service\cer_service.exe is not in folder C:\Program Files\Autodesk\AutoCAD 2027\CER\, it's not a sandbox
[08/18/26 10:35:27] info     launching C:\Program Files\Autodesk\AutoCAD 2027\CER\upi.exe "C:\Program Files\Autodesk\AutoCAD 2027\C3D\en-US\UPI\upiconfig.xml" C:\Users\arthurf\AppData\Local\Temp\upi_info.xml
[08/18/26 10:35:27] info     Setting key SP/UPI_PRODUCT, value CIV3D (maxCount 1)
[08/18/26 10:35:27] info     Setting key SP/UPI_RELEASE, value 2027 (maxCount 1)
[08/18/26 10:35:27] info     Setting key SP/UPI_MASTER, value {28B89EEF-A100-0409-2102-CF3F3A09B77D} (maxCount 1)
[08/18/26 10:35:27] info     Setting key SP/UPI_BUILD, value 13.9.628.0 (maxCount 1)
[08/18/26 10:35:27] info     Setting key SP/UPI_FULL_XML, value <?xml version="1.0"?><upipackage><upivalue version="1.0" type="product" requestingapp="true"><level name="productline" id="CIV3D"><level name="release" id="2027"><level name="master" id="{28B89EEF-A100-0409-2102-CF3F3A09B77D}"><level name="build" id="13.9.628.0"/></level></level></level></upivalue>
<upivalue version="1" type="product"><level name="productline" instancename="Autodesk Design Review" id="ADR"><level name="release" instancename="Autodesk Design Review 2017" id="2017"><level name="master" instancename="32-bit English Unlocked" id="{2A80BA4A-F4B9-44DA-B53E-85909B79A481}"><level name="build" instancename="P145" id="14.0.0.177"/></level></level></level></upivalue>
<upivalue version="1.0" type="product"><level name="productline" id="PLC0000037"><level name="release" id="2025"><level name="master" id="{28B89EEF-8128-0409-0100-CF3F3A09B77D}"><level name="build" id="25.0.154.0.0"/></level></level></level></upivalue>
<upivalue version="1.0" type="product"><level name="productline" id="ARCHDESK"><level name="release" id="2026"><level name="master" id="{28B89EEE-9104-0000-5102-CF3F3A09B77D}"><level name="build" id="8.8.58.0"/></level></level></level></upivalue>
<upivalue version="1.0" type="product"><level name="productline" id="ACD"><level name="release" id="2026"><level name="master" id="{28B89EEF-9101-0409-2102-CF3F3A09B77D}"><level name="build" id="25.1.164.0.0"/></level></level></level></upivalue>
<upivalue version="1.0" type="product"><level name="productline" id="ARCHDESK"><level name="release" id="2027"><level name="master" id="{28B89EEF-A104-0409-4102-CF3F3A09B77D}"><level name="build" id="8.9.51.0"/></level></level></level></upivalue>
<upivalue version="1.0" type="product"><level name="productline" id="ARCHDESK"><level name="release" id="2027"><level name="master" id="{28B89EEF-A104-0000-4102-CF3F3A09B77D}"><level name="build" id="8.9.51.0"/></level></level></level></upivalue>
<upivalue version="1.0" type="product"><level name="productline" id="ACD"><level name="release" id="2027"><level name="master" id="{28B89EEF-A101-0000-0102-CF3F3A09B77D}"><level name="build" id="26.0.60.0.0"/></level></level></level></upivalue>
<upivalue version="1.0" type="product"><level name="productline" id="ACD"><level name="release" id="2027"><level name="master" id="{28B89EEF-A101-0409-1102-CF3F3A09B77D}"><level name="build" id="26.0.60.0.0"/></level></level></level></upivalue>
<upivalue version="1.0" type="product"><level name="productline" id="ARCHDESK"><level name="release" id="2027"><level name="master" id="{28B89EEE-A104-0000-5102-CF3F3A09B77D}"><level name="build" id="8.9.51.0"/></level></level></level></upivalue>
<upivalue version="1.0" type="product"><level name="productline" id="VEHTRK"><level name="release" id="2027"><level name="master" id="{1F998EA5-D0D7-4D77-AF61-65828DBEE474}"><level name="build" id="27.0.0.2932"/></level></level></level></upivalue>
</upipackage> (maxCount 1)
[08/18/26 10:35:27] info     set legacy options: /APPXML "<AppInformation name=\"Autodesk Civil 3D 2027\" version=\"13.9.628.0\" />"
[08/18/26 10:35:27] info     Setting key RP/AppXML, value <AppInformation name="Autodesk Civil 3D 2027" version="13.9.628.0" /> (maxCount 100)
[08/18/26 10:35:27] info     Setting key RP/CadSettingsRegPath, value Software\Autodesk\AutoCAD\R26.0\ACAD-A100:409\CadManagerControl\CustomerErrorReport (maxCount 1)
[08/18/26 10:35:27] info     Setting key RP/AppLocaleId, value 1033 (maxCount 1)
[08/18/26 10:35:27] info     Setting key RP/AppXML, value <ProductInformation name ="AutoCAD" build_version="X.60.0.0(x64)" registry_version="26.0" install_id_string="ACAD-A100:409" registry_localeID="1033" git_commit_id="90c984aa66a571142ee0757584bac517eec2175a" /> (maxCount 100)
[08/18/26 10:35:27] info     Setting key SP/THEME_TYPE, value Blue (maxCount 1)
[08/18/26 10:35:27] info     Setting key SP/EXCEPTION_INFO_POINTER, value 140728125457688 (maxCount 1)
[08/18/26 10:35:27] info     Setting key SP/THREAD_ID, value 4294967295 (maxCount 1)
[08/18/26 10:35:27] info     Get key SP/THREAD_ID, index 0: "4294967295"
[08/18/26 10:35:27] info     Setting key SP/WER, value 0 (maxCount 1)
[08/18/26 10:35:27] info     Get key SP/WER, index 0: "0"
[08/18/26 10:35:27] info     Registered C:\Program Files\Autodesk\AutoCAD 2027\cer.dll as WER runtime exception module
[08/18/26 10:35:27] info     Current ErrorMode is 32771
[08/18/26 10:35:27] debug    Receiver ping: pong
[08/18/26 10:36:24] info     ================= cer started =================
[08/18/26 10:36:24] info     C:\Program Files\Autodesk\AutoCAD 2027\cer.dll, 7.2.4+20251128.8f05bb68.927
[08/18/26 10:36:24] info     Setting key SP/SDK_VERSION, value 7.2.4+20251128.8f05bb68.927 (maxCount 1)
[08/18/26 10:36:24] info     Setting key SP/PRODUCT_NAME_HASH, value 9d6767a77b9d2cce90e03082e1302957689eeac5 (maxCount 1)
[08/18/26 10:36:24] info     Setting key SP/RUNTIME_ARCH, value 1 (maxCount 1)
[08/18/26 10:36:24] info     Set senddmp exe path to C:\Program Files\Autodesk\AutoCAD 2027\CER\senddmp.exe
[08/18/26 10:36:24] info     The cer_service exe C:\Program Files\Autodesk\AutoCAD 2027\CER\service\cer_service.exe is not in folder C:\Program Files\Autodesk\AutoCAD 2027\CER\, it's not a sandbox
[08/18/26 10:36:24] info     Set upi exe path to C:\Program Files\Autodesk\AutoCAD 2027\CER\upi.exe
[08/18/26 10:36:24] info     launching C:\Program Files\Autodesk\AutoCAD 2027\CER\upi.exe --cmd=get-device-id C:\Users\arthurf\AppData\Local\Temp\upi_deviceid2
[08/18/26 10:36:24] info     Set deviceID2 to 8D15DB987E09D806DFFC844B34CAEC4C3EA6C462EDF3FC1A4D6FC3F7F4914EBE&C5B0FF825B96DA13FE75F782DE31D8A13A36E93A5EEE952B5C0A35B72ECA1FC2&6802C643B559C3D6148E6012C96FC77D04C43B17F1C77F9C057BAF1D38FD94B7
[08/18/26 10:36:24] info     Setting key SP/DEVICEID2, value 8D15DB987E09D806DFFC844B34CAEC4C3EA6C462EDF3FC1A4D6FC3F7F4914EBE&C5B0FF825B96DA13FE75F782DE31D8A13A36E93A5EEE952B5C0A35B72ECA1FC2&6802C643B559C3D6148E6012C96FC77D04C43B17F1C77F9C057BAF1D38FD94B7 (maxCount 1)
[08/18/26 10:36:24] info     Setting key SP/UUID, value 9d6767a77b9d2cce90e03082e1302957689eeac58D15DB987E09D806DFFC844B34CAEC4C3EA6C462EDF3FC1A4D6FC3F7F4914EBE&C5B0FF825B96DA13FE75F782DE31D8A13A36E93A5EEE952B5C0A35B72ECA1FC2&6802C643B559C3D6148E6012C96FC77D04C43B17F1C77F9C057BAF1D38FD94B7 (maxCount 1)
[08/18/26 10:36:24] info     Set senddmp exe path to C:\Program Files\Autodesk\AutoCAD 2027\CER\senddmp.exe
[08/18/26 10:36:24] info     The cer_service exe C:\Program Files\Autodesk\AutoCAD 2027\CER\service\cer_service.exe is not in folder C:\Program Files\Autodesk\AutoCAD 2027\CER\, it's not a sandbox
[08/18/26 10:36:24] info     launching C:\Program Files\Autodesk\AutoCAD 2027\CER\upi.exe "C:\Program Files\Autodesk\AutoCAD 2027\C3D\en-US\UPI\upiconfig.xml" C:\Users\arthurf\AppData\Local\Temp\upi_info.xml
[08/18/26 10:36:24] info     Setting key SP/UPI_PRODUCT, value CIV3D (maxCount 1)
[08/18/26 10:36:24] info     Setting key SP/UPI_RELEASE, value 2027 (maxCount 1)
[08/18/26 10:36:24] info     Setting key SP/UPI_MASTER, value {28B89EEF-A100-0409-2102-CF3F3A09B77D} (maxCount 1)
[08/18/26 10:36:24] info     Setting key SP/UPI_BUILD, value 13.9.628.0 (maxCount 1)
[08/18/26 10:36:24] info     Setting key SP/UPI_FULL_XML, value <?xml version="1.0"?><upipackage><upivalue version="1.0" type="product" requestingapp="true"><level name="productline" id="CIV3D"><level name="release" id="2027"><level name="master" id="{28B89EEF-A100-0409-2102-CF3F3A09B77D}"><level name="build" id="13.9.628.0"/></level></level></level></upivalue>
<upivalue version="1" type="product"><level name="productline" instancename="Autodesk Design Review" id="ADR"><level name="release" instancename="Autodesk Design Review 2017" id="2017"><level name="master" instancename="32-bit English Unlocked" id="{2A80BA4A-F4B9-44DA-B53E-85909B79A481}"><level name="build" instancename="P145" id="14.0.0.177"/></level></level></level></upivalue>
<upivalue version="1.0" type="product"><level name="productline" id="PLC0000037"><level name="release" id="2025"><level name="master" id="{28B89EEF-8128-0409-0100-CF3F3A09B77D}"><level name="build" id="25.0.154.0.0"/></level></level></level></upivalue>
<upivalue version="1.0" type="product"><level name="productline" id="ARCHDESK"><level name="release" id="2026"><level name="master" id="{28B89EEE-9104-0000-5102-CF3F3A09B77D}"><level name="build" id="8.8.58.0"/></level></level></level></upivalue>
<upivalue version="1.0" type="product"><level name="productline" id="ACD"><level name="release" id="2026"><level name="master" id="{28B89EEF-9101-0409-2102-CF3F3A09B77D}"><level name="build" id="25.1.164.0.0"/></level></level></level></upivalue>
<upivalue version="1.0" type="product"><level name="productline" id="ARCHDESK"><level name="release" id="2027"><level name="master" id="{28B89EEF-A104-0409-4102-CF3F3A09B77D}"><level name="build" id="8.9.51.0"/></level></level></level></upivalue>
<upivalue version="1.0" type="product"><level name="productline" id="ARCHDESK"><level name="release" id="2027"><level name="master" id="{28B89EEF-A104-0000-4102-CF3F3A09B77D}"><level name="build" id="8.9.51.0"/></level></level></level></upivalue>
<upivalue version="1.0" type="product"><level name="productline" id="ACD"><level name="release" id="2027"><level name="master" id="{28B89EEF-A101-0000-0102-CF3F3A09B77D}"><level name="build" id="26.0.60.0.0"/></level></level></level></upivalue>
<upivalue version="1.0" type="product"><level name="productline" id="ACD"><level name="release" id="2027"><level name="master" id="{28B89EEF-A101-0409-1102-CF3F3A09B77D}"><level name="build" id="26.0.60.0.0"/></level></level></level></upivalue>
<upivalue version="1.0" type="product"><level name="productline" id="ARCHDESK"><level name="release" id="2027"><level name="master" id="{28B89EEE-A104-0000-5102-CF3F3A09B77D}"><level name="build" id="8.9.51.0"/></level></level></level></upivalue>
<upivalue version="1.0" type="product"><level name="productline" id="VEHTRK"><level name="release" id="2027"><level name="master" id="{1F998EA5-D0D7-4D77-AF61-65828DBEE474}"><level name="build" id="27.0.0.2932"/></level></level></level></upivalue>
</upipackage> (maxCount 1)
[08/18/26 10:36:24] info     set legacy options: /APPXML "<AppInformation name=\"Autodesk Civil 3D 2027\" version=\"13.9.628.0\" />"
[08/18/26 10:36:24] info     Setting key RP/AppXML, value <AppInformation name="Autodesk Civil 3D 2027" version="13.9.628.0" /> (maxCount 100)
[08/18/26 10:36:24] info     Setting key RP/CadSettingsRegPath, value Software\Autodesk\AutoCAD\R26.0\ACAD-A100:409\CadManagerControl\CustomerErrorReport (maxCount 1)
[08/18/26 10:36:24] info     Setting key RP/AppLocaleId, value 1033 (maxCount 1)
[08/18/26 10:36:24] info     Setting key RP/AppXML, value <ProductInformation name ="AutoCAD" build_version="X.60.0.0(x64)" registry_version="26.0" install_id_string="ACAD-A100:409" registry_localeID="1033" git_commit_id="90c984aa66a571142ee0757584bac517eec2175a" /> (maxCount 100)
[08/18/26 10:36:24] info     Setting key SP/THEME_TYPE, value Blue (maxCount 1)
[08/18/26 10:36:24] info     Setting key SP/EXCEPTION_INFO_POINTER, value 140728125457688 (maxCount 1)
[08/18/26 10:36:24] info     Setting key SP/THREAD_ID, value 4294967295 (maxCount 1)
[08/18/26 10:36:24] info     Get key SP/THREAD_ID, index 0: "4294967295"
[08/18/26 10:36:24] info     Setting key SP/WER, value 0 (maxCount 1)
[08/18/26 10:36:24] info     Get key SP/WER, index 0: "0"
[08/18/26 10:36:24] info     Registered C:\Program Files\Autodesk\AutoCAD 2027\cer.dll as WER runtime exception module
[08/18/26 10:36:24] info     Current ErrorMode is 32769
[08/18/26 10:36:24] debug    Receiver ping: pong
[08/18/26 11:11:56] info     ================= cer started =================
[08/18/26 11:11:56] info     C:\Program Files\Autodesk\AutoCAD 2027\cer.dll, 7.2.4+20251128.8f05bb68.927
[08/18/26 11:11:56] info     Setting key SP/SDK_VERSION, value 7.2.4+20251128.8f05bb68.927 (maxCount 1)
[08/18/26 11:11:56] info     Setting key SP/PRODUCT_NAME_HASH, value 9d6767a77b9d2cce90e03082e1302957689eeac5 (maxCount 1)
[08/18/26 11:11:56] info     Setting key SP/RUNTIME_ARCH, value 1 (maxCount 1)
[08/18/26 11:11:56] info     Set senddmp exe path to C:\Program Files\Autodesk\AutoCAD 2027\CER\senddmp.exe
[08/18/26 11:11:56] info     The cer_service exe C:\Program Files\Autodesk\AutoCAD 2027\CER\service\cer_service.exe is not in folder C:\Program Files\Autodesk\AutoCAD 2027\CER\, it's not a sandbox
[08/18/26 11:11:56] info     Set upi exe path to C:\Program Files\Autodesk\AutoCAD 2027\CER\upi.exe
[08/18/26 11:11:56] info     launching C:\Program Files\Autodesk\AutoCAD 2027\CER\upi.exe --cmd=get-device-id C:\Users\arthurf\AppData\Local\Temp\upi_deviceid2
[08/18/26 11:11:56] info     Set deviceID2 to 8D15DB987E09D806DFFC844B34CAEC4C3EA6C462EDF3FC1A4D6FC3F7F4914EBE&C5B0FF825B96DA13FE75F782DE31D8A13A36E93A5EEE952B5C0A35B72ECA1FC2&6802C643B559C3D6148E6012C96FC77D04C43B17F1C77F9C057BAF1D38FD94B7
[08/18/26 11:11:56] info     Setting key SP/DEVICEID2, value 8D15DB987E09D806DFFC844B34CAEC4C3EA6C462EDF3FC1A4D6FC3F7F4914EBE&C5B0FF825B96DA13FE75F782DE31D8A13A36E93A5EEE952B5C0A35B72ECA1FC2&6802C643B559C3D6148E6012C96FC77D04C43B17F1C77F9C057BAF1D38FD94B7 (maxCount 1)
[08/18/26 11:11:56] info     Setting key SP/UUID, value 9d6767a77b9d2cce90e03082e1302957689eeac58D15DB987E09D806DFFC844B34CAEC4C3EA6C462EDF3FC1A4D6FC3F7F4914EBE&C5B0FF825B96DA13FE75F782DE31D8A13A36E93A5EEE952B5C0A35B72ECA1FC2&6802C643B559C3D6148E6012C96FC77D04C43B17F1C77F9C057BAF1D38FD94B7 (maxCount 1)
[08/18/26 11:11:56] info     Set senddmp exe path to C:\Program Files\Autodesk\AutoCAD 2027\CER\senddmp.exe
[08/18/26 11:11:56] info     The cer_service exe C:\Program Files\Autodesk\AutoCAD 2027\CER\service\cer_service.exe is not in folder C:\Program Files\Autodesk\AutoCAD 2027\CER\, it's not a sandbox
[08/18/26 11:11:56] info     launching C:\Program Files\Autodesk\AutoCAD 2027\CER\upi.exe "C:\Program Files\Autodesk\AutoCAD 2027\C3D\en-US\UPI\upiconfig.xml" C:\Users\arthurf\AppData\Local\Temp\upi_info.xml
[08/18/26 11:11:56] info     Setting key SP/UPI_PRODUCT, value CIV3D (maxCount 1)
[08/18/26 11:11:56] info     Setting key SP/UPI_RELEASE, value 2027 (maxCount 1)
[08/18/26 11:11:56] info     Setting key SP/UPI_MASTER, value {28B89EEF-A100-0409-2102-CF3F3A09B77D} (maxCount 1)
[08/18/26 11:11:56] info     Setting key SP/UPI_BUILD, value 13.9.628.0 (maxCount 1)
[08/18/26 11:11:56] info     Setting key SP/UPI_FULL_XML, value <?xml version="1.0"?><upipackage><upivalue version="1.0" type="product" requestingapp="true"><level name="productline" id="CIV3D"><level name="release" id="2027"><level name="master" id="{28B89EEF-A100-0409-2102-CF3F3A09B77D}"><level name="build" id="13.9.628.0"/></level></level></level></upivalue>
<upivalue version="1" type="product"><level name="productline" instancename="Autodesk Design Review" id="ADR"><level name="release" instancename="Autodesk Design Review 2017" id="2017"><level name="master" instancename="32-bit English Unlocked" id="{2A80BA4A-F4B9-44DA-B53E-85909B79A481}"><level name="build" instancename="P145" id="14.0.0.177"/></level></level></level></upivalue>
<upivalue version="1.0" type="product"><level name="productline" id="PLC0000037"><level name="release" id="2025"><level name="master" id="{28B89EEF-8128-0409-0100-CF3F3A09B77D}"><level name="build" id="25.0.154.0.0"/></level></level></level></upivalue>
<upivalue version="1.0" type="product"><level name="productline" id="ARCHDESK"><level name="release" id="2026"><level name="master" id="{28B89EEE-9104-0000-5102-CF3F3A09B77D}"><level name="build" id="8.8.58.0"/></level></level></level></upivalue>
<upivalue version="1.0" type="product"><level name="productline" id="ACD"><level name="release" id="2026"><level name="master" id="{28B89EEF-9101-0409-2102-CF3F3A09B77D}"><level name="build" id="25.1.164.0.0"/></level></level></level></upivalue>
<upivalue version="1.0" type="product"><level name="productline" id="ARCHDESK"><level name="release" id="2027"><level name="master" id="{28B89EEF-A104-0409-4102-CF3F3A09B77D}"><level name="build" id="8.9.51.0"/></level></level></level></upivalue>
<upivalue version="1.0" type="product"><level name="productline" id="ARCHDESK"><level name="release" id="2027"><level name="master" id="{28B89EEF-A104-0000-4102-CF3F3A09B77D}"><level name="build" id="8.9.51.0"/></level></level></level></upivalue>
<upivalue version="1.0" type="product"><level name="productline" id="ACD"><level name="release" id="2027"><level name="master" id="{28B89EEF-A101-0000-0102-CF3F3A09B77D}"><level name="build" id="26.0.60.0.0"/></level></level></level></upivalue>
<upivalue version="1.0" type="product"><level name="productline" id="ACD"><level name="release" id="2027"><level name="master" id="{28B89EEF-A101-0409-1102-CF3F3A09B77D}"><level name="build" id="26.0.60.0.0"/></level></level></level></upivalue>
<upivalue version="1.0" type="product"><level name="productline" id="ARCHDESK"><level name="release" id="2027"><level name="master" id="{28B89EEE-A104-0000-5102-CF3F3A09B77D}"><level name="build" id="8.9.51.0"/></level></level></level></upivalue>
<upivalue version="1.0" type="product"><level name="productline" id="VEHTRK"><level name="release" id="2027"><level name="master" id="{1F998EA5-D0D7-4D77-AF61-65828DBEE474}"><level name="build" id="27.0.0.2932"/></level></level></level></upivalue>
</upipackage> (maxCount 1)
[08/18/26 11:11:56] info     set legacy options: /APPXML "<AppInformation name=\"Autodesk Civil 3D 2027\" version=\"13.9.628.0\" />"
[08/18/26 11:11:56] info     Setting key RP/AppXML, value <AppInformation name="Autodesk Civil 3D 2027" version="13.9.628.0" /> (maxCount 100)
[08/18/26 11:11:56] info     Setting key RP/CadSettingsRegPath, value Software\Autodesk\AutoCAD\R26.0\ACAD-A100:409\CadManagerControl\CustomerErrorReport (maxCount 1)
[08/18/26 11:11:56] info     Setting key RP/AppLocaleId, value 1033 (maxCount 1)
[08/18/26 11:11:56] info     Setting key RP/AppXML, value <ProductInformation name ="AutoCAD" build_version="X.60.0.0(x64)" registry_version="26.0" install_id_string="ACAD-A100:409" registry_localeID="1033" git_commit_id="90c984aa66a571142ee0757584bac517eec2175a" /> (maxCount 100)
[08/18/26 11:11:56] info     Setting key SP/THEME_TYPE, value Blue (maxCount 1)
[08/18/26 11:11:56] info     Setting key SP/EXCEPTION_INFO_POINTER, value 140729362318616 (maxCount 1)
[08/18/26 11:11:56] info     Setting key SP/THREAD_ID, value 4294967295 (maxCount 1)
[08/18/26 11:11:56] info     Get key SP/THREAD_ID, index 0: "4294967295"
[08/18/26 11:11:56] info     Setting key SP/WER, value 0 (maxCount 1)
[08/18/26 11:11:56] info     Get key SP/WER, index 0: "0"
[08/18/26 11:11:56] info     Registered C:\Program Files\Autodesk\AutoCAD 2027\cer.dll as WER runtime exception module
[08/18/26 11:11:56] info     Current ErrorMode is 32771
[08/18/26 11:11:56] debug    Receiver ping: pong
[08/18/26 11:18:34] info     ================= cer started =================
[08/18/26 11:18:34] info     C:\Program Files\Autodesk\AutoCAD 2027\cer.dll, 7.2.4+20251128.8f05bb68.927
[08/18/26 11:18:34] info     Setting key SP/SDK_VERSION, value 7.2.4+20251128.8f05bb68.927 (maxCount 1)
[08/18/26 11:18:34] info     Setting key SP/PRODUCT_NAME_HASH, value 9d6767a77b9d2cce90e03082e1302957689eeac5 (maxCount 1)
[08/18/26 11:18:34] info     Setting key SP/RUNTIME_ARCH, value 1 (maxCount 1)
[08/18/26 11:18:34] info     Set senddmp exe path to C:\Program Files\Autodesk\AutoCAD 2027\CER\senddmp.exe
[08/18/26 11:18:34] info     The cer_service exe C:\Program Files\Autodesk\AutoCAD 2027\CER\service\cer_service.exe is not in folder C:\Program Files\Autodesk\AutoCAD 2027\CER\, it's not a sandbox
[08/18/26 11:18:34] info     Set upi exe path to C:\Program Files\Autodesk\AutoCAD 2027\CER\upi.exe
[08/18/26 11:18:34] info     launching C:\Program Files\Autodesk\AutoCAD 2027\CER\upi.exe --cmd=get-device-id C:\Users\arthurf\AppData\Local\Temp\upi_deviceid2
[08/18/26 11:18:34] info     Set deviceID2 to 8D15DB987E09D806DFFC844B34CAEC4C3EA6C462EDF3FC1A4D6FC3F7F4914EBE&C5B0FF825B96DA13FE75F782DE31D8A13A36E93A5EEE952B5C0A35B72ECA1FC2&6802C643B559C3D6148E6012C96FC77D04C43B17F1C77F9C057BAF1D38FD94B7
[08/18/26 11:18:34] info     Setting key SP/DEVICEID2, value 8D15DB987E09D806DFFC844B34CAEC4C3EA6C462EDF3FC1A4D6FC3F7F4914EBE&C5B0FF825B96DA13FE75F782DE31D8A13A36E93A5EEE952B5C0A35B72ECA1FC2&6802C643B559C3D6148E6012C96FC77D04C43B17F1C77F9C057BAF1D38FD94B7 (maxCount 1)
[08/18/26 11:18:34] info     Setting key SP/UUID, value 9d6767a77b9d2cce90e03082e1302957689eeac58D15DB987E09D806DFFC844B34CAEC4C3EA6C462EDF3FC1A4D6FC3F7F4914EBE&C5B0FF825B96DA13FE75F782DE31D8A13A36E93A5EEE952B5C0A35B72ECA1FC2&6802C643B559C3D6148E6012C96FC77D04C43B17F1C77F9C057BAF1D38FD94B7 (maxCount 1)
[08/18/26 11:18:34] info     Set senddmp exe path to C:\Program Files\Autodesk\AutoCAD 2027\CER\senddmp.exe
[08/18/26 11:18:34] info     The cer_service exe C:\Program Files\Autodesk\AutoCAD 2027\CER\service\cer_service.exe is not in folder C:\Program Files\Autodesk\AutoCAD 2027\CER\, it's not a sandbox
[08/18/26 11:18:34] info     launching C:\Program Files\Autodesk\AutoCAD 2027\CER\upi.exe "C:\Program Files\Autodesk\AutoCAD 2027\C3D\en-US\UPI\upiconfig.xml" C:\Users\arthurf\AppData\Local\Temp\upi_info.xml
[08/18/26 11:18:34] info     Setting key SP/UPI_PRODUCT, value CIV3D (maxCount 1)
[08/18/26 11:18:34] info     Setting key SP/UPI_RELEASE, value 2027 (maxCount 1)
[08/18/26 11:18:34] info     Setting key SP/UPI_MASTER, value {28B89EEF-A100-0409-2102-CF3F3A09B77D} (maxCount 1)
[08/18/26 11:18:34] info     Setting key SP/UPI_BUILD, value 13.9.628.0 (maxCount 1)
[08/18/26 11:18:34] info     Setting key SP/UPI_FULL_XML, value <?xml version="1.0"?><upipackage><upivalue version="1.0" type="product" requestingapp="true"><level name="productline" id="CIV3D"><level name="release" id="2027"><level name="master" id="{28B89EEF-A100-0409-2102-CF3F3A09B77D}"><level name="build" id="13.9.628.0"/></level></level></level></upivalue>
<upivalue version="1" type="product"><level name="productline" instancename="Autodesk Design Review" id="ADR"><level name="release" instancename="Autodesk Design Review 2017" id="2017"><level name="master" instancename="32-bit English Unlocked" id="{2A80BA4A-F4B9-44DA-B53E-85909B79A481}"><level name="build" instancename="P145" id="14.0.0.177"/></level></level></level></upivalue>
<upivalue version="1.0" type="product"><level name="productline" id="PLC0000037"><level name="release" id="2025"><level name="master" id="{28B89EEF-8128-0409-0100-CF3F3A09B77D}"><level name="build" id="25.0.154.0.0"/></level></level></level></upivalue>
<upivalue version="1.0" type="product"><level name="productline" id="ARCHDESK"><level name="release" id="2026"><level name="master" id="{28B89EEE-9104-0000-5102-CF3F3A09B77D}"><level name="build" id="8.8.58.0"/></level></level></level></upivalue>
<upivalue version="1.0" type="product"><level name="productline" id="ACD"><level name="release" id="2026"><level name="master" id="{28B89EEF-9101-0409-2102-CF3F3A09B77D}"><level name="build" id="25.1.164.0.0"/></level></level></level></upivalue>
<upivalue version="1.0" type="product"><level name="productline" id="ARCHDESK"><level name="release" id="2027"><level name="master" id="{28B89EEF-A104-0409-4102-CF3F3A09B77D}"><level name="build" id="8.9.51.0"/></level></level></level></upivalue>
<upivalue version="1.0" type="product"><level name="productline" id="ARCHDESK"><level name="release" id="2027"><level name="master" id="{28B89EEF-A104-0000-4102-CF3F3A09B77D}"><level name="build" id="8.9.51.0"/></level></level></level></upivalue>
<upivalue version="1.0" type="product"><level name="productline" id="ACD"><level name="release" id="2027"><level name="master" id="{28B89EEF-A101-0000-0102-CF3F3A09B77D}"><level name="build" id="26.0.60.0.0"/></level></level></level></upivalue>
<upivalue version="1.0" type="product"><level name="productline" id="ACD"><level name="release" id="2027"><level name="master" id="{28B89EEF-A101-0409-1102-CF3F3A09B77D}"><level name="build" id="26.0.60.0.0"/></level></level></level></upivalue>
<upivalue version="1.0" type="product"><level name="productline" id="ARCHDESK"><level name="release" id="2027"><level name="master" id="{28B89EEE-A104-0000-5102-CF3F3A09B77D}"><level name="build" id="8.9.51.0"/></level></level></level></upivalue>
<upivalue version="1.0" type="product"><level name="productline" id="VEHTRK"><level name="release" id="2027"><level name="master" id="{1F998EA5-D0D7-4D77-AF61-65828DBEE474}"><level name="build" id="27.0.0.2932"/></level></level></level></upivalue>
</upipackage> (maxCount 1)
[08/18/26 11:18:34] info     set legacy options: /APPXML "<AppInformation name=\"Autodesk Civil 3D 2027\" version=\"13.9.628.0\" />"
[08/18/26 11:18:34] info     Setting key RP/AppXML, value <AppInformation name="Autodesk Civil 3D 2027" version="13.9.628.0" /> (maxCount 100)
[08/18/26 11:18:34] info     Setting key RP/CadSettingsRegPath, value Software\Autodesk\AutoCAD\R26.0\ACAD-A100:409\CadManagerControl\CustomerErrorReport (maxCount 1)
[08/18/26 11:18:34] info     Setting key RP/AppLocaleId, value 1033 (maxCount 1)
[08/18/26 11:18:34] info     Setting key RP/AppXML, value <ProductInformation name ="AutoCAD" build_version="X.60.0.0(x64)" registry_version="26.0" install_id_string="ACAD-A100:409" registry_localeID="1033" git_commit_id="90c984aa66a571142ee0757584bac517eec2175a" /> (maxCount 100)
[08/18/26 11:18:34] info     Setting key SP/THEME_TYPE, value Blue (maxCount 1)
[08/18/26 11:18:34] info     Setting key SP/EXCEPTION_INFO_POINTER, value 140731981792536 (maxCount 1)
[08/18/26 11:18:34] info     Setting key SP/THREAD_ID, value 4294967295 (maxCount 1)
[08/18/26 11:18:34] info     Get key SP/THREAD_ID, index 0: "4294967295"
[08/18/26 11:18:34] info     Setting key SP/WER, value 0 (maxCount 1)
[08/18/26 11:18:34] info     Get key SP/WER, index 0: "0"
[08/18/26 11:18:34] info     Registered C:\Program Files\Autodesk\AutoCAD 2027\cer.dll as WER runtime exception module
[08/18/26 11:18:34] info     Current ErrorMode is 32769
[08/18/26 11:18:34] debug    Receiver ping: pong
